topic_slug,question,A,B,C,D,correct_answer,explanation_vi,difficulty
chu-de-1-may-tinh-va-cong-dong-bai-1-thong-tin-va-du-lieu,"Theo bài học, ""Thông tin"" là gì?",Những gì đem lại hiểu biết cho con người về thế giới.,"Các con số, văn bản, hình ảnh, âm thanh thu nhận được.",Phương tiện dùng để lưu trữ và truyền tải thông tin.,Các hoạt động của con người trong cuộc sống.,A,Thông tin là những gì đem lại hiểu biết cho con người về thế giới.,1
chu-de-1-may-tinh-va-cong-dong-bai-1-thong-tin-va-du-lieu,"Khi thông tin được ghi lên vật mang tin, nó sẽ trở thành gì?",Một dạng hiểu biết mới.,Dữ liệu.,Một loại vật mang tin khác.,Một thông điệp.,B,"Theo bài học, thông tin được ghi lên vật mang tin sẽ trở thành dữ liệu.",2
chu-de-1-may-tinh-va-cong-dong-bai-1-thong-tin-va-du-lieu,Dữ liệu có thể được thể hiện dưới những dạng nào?,Chỉ có con số và văn bản.,Các cảm xúc và suy nghĩ của con người.,"Con số, văn bản, hình ảnh và âm thanh.",Chỉ có hình ảnh và âm thanh.,C,"Dữ liệu là các con số, văn bản, hình ảnh, âm thanh thu nhận được.",1
chu-de-1-may-tinh-va-cong-dong-bai-1-thong-tin-va-du-lieu,"""Vật mang tin"" được định nghĩa là gì?",Những gì đem lại hiểu biết cho con người.,"Các con số, văn bản, hình ảnh, âm thanh.",Bộ não con người để xử lí thông tin.,Phương tiện dùng để lưu trữ và truyền tải thông tin.,D,Vật mang tin là phương tiện dùng để lưu trữ và truyền tải thông tin.,1
chu-de-1-may-tinh-va-cong-dong-bai-1-thong-tin-va-du-lieu,Mối quan hệ chính giữa dữ liệu và thông tin là gì?,Dữ liệu đem lại thông tin cho con người.,Thông tin là kết quả của việc xử lí dữ liệu.,Thông tin và dữ liệu là hai khái niệm hoàn toàn độc lập.,Dữ liệu chỉ trở thành thông tin khi được máy tính xử lí.,A,"Dữ liệu là 'nguyên liệu thô', thông tin là 'sản phẩm đã chế biến'. Dữ liệu đem lại thông tin cho con người.",2
chu-de-1-may-tinh-va-cong-dong-bai-1-thong-tin-va-du-lieu,Sự hiểu biết mà thông tin đem lại phụ thuộc vào yếu tố nào?,Độ chính xác của dữ liệu.,Người tiếp nhận thông tin đó.,Người tạo ra dữ liệu.,Vật mang tin được sử dụng.,B,Sự hiểu biết mà thông tin đem lại luôn phụ thuộc vào người tiếp nhận thông tin đó.,2
chu-de-1-may-tinh-va-cong-dong-bai-1-thong-tin-va-du-lieu,Bạn An và bạn Bình cùng xem một bản tin dự báo thời tiết bằng tiếng Anh. An hiểu được bản tin còn Bình thì không. Điều này thể hiện điều gì?,Bản tin dự báo thời tiết không phải là dữ liệu.,An có khả năng xử lí thông tin tốt hơn Bình.,Cùng một dữ liệu nhưng không phải lúc nào cũng đem lại thông tin cho mọi người.,Bình không quan tâm đến thông tin thời tiết.,C,"Ví dụ này minh họa rằng sự hiểu biết mà thông tin đem lại phụ thuộc vào người tiếp nhận. Nếu không hiểu ngôn ngữ, dữ liệu sẽ không trở thành thông tin.",3
chu-de-1-may-tinh-va-cong-dong-bai-1-thong-tin-va-du-lieu,Tầm quan trọng của thông tin trong cuộc sống là gì?,Chỉ giúp con người giải trí.,Chỉ cần thiết cho những người làm khoa học.,Giúp máy tính xử lí dữ liệu nhanh hơn.,Giúp con người đưa ra những lựa chọn tốt và đạt hiệu quả cao hơn trong mọi hoạt động.,D,Mọi hoạt động của con người đều cần đến thông tin. Thông tin đúng giúp con người đưa ra những lựa chọn tốt và giúp các hoạt động đạt hiệu quả cao hơn.,2
chu-de-1-may-tinh-va-cong-dong-bai-1-thong-tin-va-du-lieu,Thông tin đúng đem lại lợi ích gì cho con người?,Giúp con người đưa ra những lựa chọn tốt.,Giúp con người ghi nhớ nhiều dữ liệu hơn.,Giúp vật mang tin bền hơn.,Giúp dữ liệu trở nên phức tạp hơn.,A,Thông tin đúng giúp con người đưa ra những lựa chọn tốt.,2
chu-de-1-may-tinh-va-cong-dong-bai-1-thong-tin-va-du-lieu,"Khi có thông tin đúng, hoạt động của con người sẽ như thế nào?",Trở nên chậm chạp hơn.,Đạt hiệu quả cao hơn.,Ít cần đến vật mang tin.,Chỉ cần xử lí ít dữ liệu hơn.,B,Thông tin đúng giúp cho hoạt động của con người đạt hiệu quả cao hơn.,2
chu-de-1-may-tinh-va-cong-dong-bai-2-xu-li-thong-tin,Quá trình xử lí thông tin ở con người gồm mấy hoạt động cơ bản?,Một hoạt động: xử lí thông tin,Hai hoạt động: thu nhận và lưu trữ thông tin,"Ba hoạt động: thu nhận, xử lí và truyền thông tin","Bốn hoạt động: thu nhận, lưu trữ, xử lí và truyền thông tin",D,"Quá trình xử lí thông tin ở con người bao gồm bốn hoạt động cơ bản là thu nhận, lưu trữ, xử lí và truyền thông tin.",1
chu-de-1-may-tinh-va-cong-dong-bai-2-xu-li-thong-tin,Hoạt động nào sau đây KHÔNG phải là một trong bốn hoạt động cơ bản của quá trình xử lí thông tin?,Thu nhận thông tin,Sáng tạo thông tin,Lưu trữ thông tin,Truyền thông tin,B,"Bốn hoạt động cơ bản của quá trình xử lí thông tin là thu nhận, lưu trữ, xử lí và truyền thông tin. Sáng tạo thông tin không phải là một hoạt động cơ bản trong quá trình này.",2
chu-de-1-may-tinh-va-cong-dong-bai-2-xu-li-thong-tin,Con người thu nhận thông tin từ thế giới bên ngoài chủ yếu thông qua các bộ phận nào?,Tay và chân,"Mắt, tai, mũi, lưỡi, da",Não bộ và tim,Phổi và dạ dày,B,"Con người thu nhận thông tin nhờ các giác quan như mắt, tai, mũi, lưỡi, da.",1
chu-de-1-may-tinh-va-cong-dong-bai-2-xu-li-thong-tin,Thông tin ở con người được lưu trữ bằng những cách nào?,Chỉ ghi nhớ trong não bộ,Chỉ ghi chép vào vở,Ghi nhớ trong não bộ hoặc ghi chép,Chỉ lưu trữ trong máy tính,C,Thông tin được não bộ ghi nhớ hoặc con người lưu trữ bằng cách ghi chép.,1
chu-de-1-may-tinh-va-cong-dong-bai-2-xu-li-thong-tin,Não bộ xử lí thông tin bằng cách nào để đưa ra kết luận và quyết định?,Chỉ ghi nhớ và sao chép,"So sánh, phân tích và suy luận",Truyền thông tin và hiển thị,Chỉ thu nhận và lưu trữ,B,"Não bộ xử lí thông tin bằng cách so sánh, phân tích, suy luận để đưa ra kết luận và quyết định.",2
chu-de-1-may-tinh-va-cong-dong-bai-2-xu-li-thong-tin,"Sau khi não bộ xử lí thông tin, thông tin sẽ được truyền đi đâu?",Chỉ truyền đến các giác quan,Chỉ được chia sẻ với người khác,Đến các bộ phận cơ thể để chuyển hóa thành hành vi hoặc được chia sẻ với người khác,Chỉ được lưu trữ lại,C,Thông tin được truyền đến các bộ phận cơ thể để chuyển hóa thành hành vi hoặc được chia sẻ với người khác.,1
chu-de-1-may-tinh-va-cong-dong-bai-2-xu-li-thong-tin,Máy tính thực hiện mấy hoạt động cơ bản trong xử lí thông tin?,Một hoạt động: biến đổi thông tin,Hai hoạt động: thu nhận và truyền thông tin,"Ba hoạt động: thu nhận, lưu trữ và biến đổi thông tin","Bốn hoạt động: thu nhận, lưu trữ, biến đổi và truyền thông tin",D,"Máy tính cũng thực hiện bốn hoạt động xử lí thông tin tương tự con người: thu nhận, lưu trữ, biến đổi và truyền thông tin.",1
chu-de-1-may-tinh-va-cong-dong-bai-2-xu-li-thong-tin,Thiết bị nào sau đây giúp máy tính thu nhận thông tin?,Màn hình,Máy in,Bàn phím,Loa,C,"Thiết bị vào như bàn phím, chuột, máy quét giúp máy tính thu nhận thông tin.",1
chu-de-1-may-tinh-va-cong-dong-bai-2-xu-li-thong-tin,Bộ nhớ nào giúp máy tính lưu trữ thông tin?,Bộ xử lí trung tâm (CPU),"Đĩa quang, thẻ nhớ","Màn hình, máy in","Bàn phím, chuột",B,"Bộ nhớ như đĩa quang, thẻ nhớ giúp máy tính lưu trữ thông tin.",1
chu-de-1-may-tinh-va-cong-dong-bai-2-xu-li-thong-tin,Thành phần nào của máy tính có nhiệm vụ xử lí thông tin bằng cách thực hiện các chương trình?,Màn hình,Bàn phím,Bộ xử lí (CPU),Máy in,C,Bộ xử lí (CPU) giúp máy tính xử lí thông tin bằng cách thực hiện chương trình máy tính.,1
chu-de-1-may-tinh-va-cong-dong-bai-2-xu-li-thong-tin,Thiết bị nào sau đây giúp máy tính truyền hoặc chia sẻ thông tin?,Máy quét,Microphone,Webcam,Màn hình,D,"Thiết bị ra như màn hình, máy in giúp máy tính truyền hoặc chia sẻ thông tin.",1
chu-de-1-may-tinh-va-cong-dong-bai-2-xu-li-thong-tin,Ưu điểm nào sau đây mô tả đúng về khả năng thu nhận thông tin của máy tính?,Chỉ thu nhận được thông tin văn bản,Thu nhận thông tin chậm và không đa dạng,"Thu nhận thông tin dễ dàng, đa dạng và nhanh chóng",Chỉ thu nhận thông tin qua bàn phím,C,"Máy tính là công cụ hiệu quả giúp thu nhận thông tin dễ dàng, đa dạng và nhanh chóng.",2
chu-de-1-may-tinh-va-cong-dong-bai-2-xu-li-thong-tin,Đặc điểm nào thể hiện hiệu quả của máy tính trong việc xử lí thông tin?,Xử lí thông tin chậm và dễ mắc lỗi,"Xử lí thông tin với tốc độ cao, chính xác và bền bỉ",Chỉ xử lí được một lượng nhỏ thông tin,Không thể làm việc liên tục,B,"Máy tính xử lí thông tin với tốc độ cao, chính xác và bền bỉ, có thể làm việc liên tục.",2
chu-de-1-may-tinh-va-cong-dong-bai-2-xu-li-thong-tin,Khả năng lưu trữ thông tin của máy tính được thể hiện như thế nào?,Chỉ lưu trữ được vài trang văn bản,"Lưu trữ lượng thông tin rất lớn, ví dụ hàng nghìn cuốn sách trong một thẻ nhớ nhỏ",Không thể lưu trữ hình ảnh và video,Chỉ lưu trữ được trong thời gian ngắn,B,"Máy tính có thể lưu trữ lượng thông tin rất lớn, ví dụ hàng nghìn cuốn sách trong một thẻ nhớ nhỏ.",2
chu-de-1-may-tinh-va-cong-dong-bai-2-xu-li-thong-tin,Máy tính giúp con người trao đổi thông tin và kết nối tri thức toàn cầu bằng cách nào?,Chỉ qua việc in tài liệu,Chỉ qua việc lưu trữ dữ liệu,Thông qua mạng internet,Chỉ qua việc xử lí số liệu,C,Máy tính giúp trao đổi thông tin với mọi người và kết nối với kho tri thức khổng lồ qua mạng.,2
chu-de-1-may-tinh-va-cong-dong-bai-3-thong-tin-trong-may-tinh,Máy tính thông dụng hiện nay chỉ làm việc với mấy kí hiệu?,Một kí hiệu,Hai kí hiệu,Ba kí hiệu,Bốn kí hiệu,B,Máy tính chỉ làm việc với hai kí hiệu là 0 và 1.,1
chu-de-1-may-tinh-va-cong-dong-bai-3-thong-tin-trong-may-tinh,Mỗi kí hiệu 0 hoặc 1 trong máy tính được gọi là gì?,Byte,Pixel,Bit,Dãy bit,C,Mỗi kí hiệu 0 hoặc 1 được gọi là một bit.,1
chu-de-1-may-tinh-va-cong-dong-bai-3-thong-tin-trong-may-tinh,Một chuỗi các kí hiệu 0 và 1 được dùng để biểu diễn thông tin trong máy tính được gọi là gì?,Byte,Bit,Pixel,Dãy bit,D,Một chuỗi các kí hiệu 0 và 1 được gọi là dãy bit.,1
chu-de-1-may-tinh-va-cong-dong-bai-3-thong-tin-trong-may-tinh,Thông tin được biểu diễn trong máy tính bằng cách nào?,Bằng các chữ cái và con số như con người.,Bằng hình ảnh và âm thanh trực tiếp.,Bằng dãy các bit (kí hiệu 0 và 1).,Bằng các màu sắc khác nhau.,C,Mọi thông tin đều được chuyển thành dãy bit để máy tính xử lí.,1
chu-de-1-may-tinh-va-cong-dong-bai-3-thong-tin-trong-may-tinh,Số nhị phân là số được viết từ những kí hiệu nào?,Các kí hiệu từ 0 đến 9.,Chỉ hai kí hiệu 0 và 1.,"Các kí hiệu chữ cái A, B, C.","Các kí hiệu đặc biệt như @, #, $.",B,Số nhị phân là số được viết từ chỉ hai kí hiệu 0 và 1.,1
chu-de-1-may-tinh-va-cong-dong-bai-3-thong-tin-trong-may-tinh,"Để máy tính xử lí, những loại thông tin nào sau đây cần được chuyển thành dãy bit?",Chỉ số và văn bản.,Chỉ hình ảnh và âm thanh.,"Các số, văn bản, hình ảnh, âm thanh.",Chỉ các chương trình máy tính.,C,"Các số, văn bản, hình ảnh, âm thanh đều được chuyển thành dãy bit để máy tính xử lí.",2
chu-de-1-may-tinh-va-cong-dong-bai-3-thong-tin-trong-may-tinh,Văn bản được chuyển thành dãy bit trong máy tính bằng cách nào?,Chuyển toàn bộ văn bản thành một dãy bit duy nhất.,Chuyển từng kí tự một thành dãy bit theo bảng mã.,Máy tính tự động đọc hiểu chữ cái mà không cần chuyển đổi.,Chuyển đổi dựa trên độ dài của văn bản.,B,Văn bản được chuyển từng kí tự thành dãy bit theo quy tắc mã hóa.,2
chu-de-1-may-tinh-va-cong-dong-bai-3-thong-tin-trong-may-tinh,Hình ảnh số được tạo thành từ các điểm ảnh nào?,Các điểm ảnh lớn (megapixels).,"Các điểm ảnh (pixel), mỗi pixel được biểu thị bằng một bit.",Các đường nét và hình khối.,Các màu sắc cơ bản.,B,"Hình ảnh tạo từ pixel, mỗi pixel là 0 hoặc 1 (đen/trắng).",2
chu-de-1-may-tinh-va-cong-dong-bai-3-thong-tin-trong-may-tinh,Âm thanh được chuyển thành dãy bit để máy tính xử lí như thế nào?,"Ghi lại tốc độ rung dưới dạng giá trị số, sau đó chuyển thành dãy bit.",Chuyển trực tiếp sóng âm thành dãy bit.,Máy tính tự động nhận diện âm thanh mà không cần chuyển đổi.,Chuyển đổi dựa trên độ lớn của âm thanh.,A,"Âm thanh được ghi tốc độ rung, rồi chuyển thành dãy bit.",2
chu-de-1-may-tinh-va-cong-dong-bai-3-thong-tin-trong-may-tinh,Đơn vị nhỏ nhất trong lưu trữ thông tin là gì?,Byte,Kilobyte,Bit,Megabyte,C,Bit là đơn vị nhỏ nhất để lưu trữ thông tin.,1
chu-de-1-may-tinh-va-cong-dong-bai-3-thong-tin-trong-may-tinh,Một Byte gồm một dãy bao nhiêu bit liên tục?,2 bit,4 bit,8 bit,16 bit,C,Byte là một dãy gồm 8 bit liên tục.,1
chu-de-1-may-tinh-va-cong-dong-bai-3-thong-tin-trong-may-tinh,Đơn vị nào sau đây KHÔNG phải là đơn vị đo dung lượng thông tin cơ bản?,Kilobyte (KB),Megabyte (MB),Terabyte (TB),Pixel (PX),D,"Pixel là điểm ảnh, không phải đơn vị đo dung lượng thông tin. Các đơn vị đo dung lượng thông tin là Byte, KB, MB, GB, TB.",1
chu-de-1-may-tinh-va-cong-dong-bai-3-thong-tin-trong-may-tinh,1 Kilobyte (KB) bằng bao nhiêu Byte?,1000 Byte,1024 Byte,8 Byte,100 Byte,B,Mỗi đơn vị lớn hơn gấp 1024 lần đơn vị nhỏ hơn liền kề.,2
chu-de-1-may-tinh-va-cong-dong-bai-3-thong-tin-trong-may-tinh,Một tệp tin có dung lượng là 2 Megabyte (MB). Vậy tệp tin đó có dung lượng bao nhiêu Kilobyte (KB)?,2000 KB,1024 KB,2048 KB,4096 KB,C,1 MB = 1024 KB. Vậy 2 MB = 2 * 1024 KB = 2048 KB.,3
chu-de-1-may-tinh-va-cong-dong-bai-3-thong-tin-trong-may-tinh,Dung lượng thẻ nhớ điện thoại hoặc ổ cứng máy tính thường được đo bằng đơn vị nào để lưu trữ nhiều dữ liệu?,Bit hoặc Byte,Kilobyte (KB),Megabyte (MB),Gigabyte (GB) hoặc Terabyte (TB),D,"Dung lượng thẻ nhớ điện thoại được đo bằng GB, dung lượng ổ cứng máy tính được đo bằng TB.",2
chu-de-2-mang-may-tinh-va-intern-bai-4-mang-may-tinh,Khái niệm nào sau đây mô tả đúng nhất về mạng máy tính?,Là một chiếc máy tính có cấu hình mạnh.,Là hai hay nhiều máy tính và thiết bị được kết nối với nhau để truyền thông tin.,Là một phần mềm giúp chơi game trực tuyến.,Là một thiết bị dùng để in ấn tài liệu.,B,Mạng máy tính được định nghĩa là hai hay nhiều máy tính và thiết bị kết nối với nhau để trao đổi thông tin và chia sẻ dữ liệu.,1
chu-de-2-mang-may-tinh-va-intern-bai-4-mang-may-tinh,Mục đích chính của mạng máy tính là gì?,Giúp máy tính chạy nhanh hơn.,Giúp các thiết bị trao đổi thông tin và chia sẻ dữ liệu.,Giúp bảo vệ máy tính khỏi virus.,Giúp máy tính tự động cập nhật phần mềm.,B,Mạng máy tính giúp các thiết bị kết nối với nhau để trao đổi thông tin và chia sẻ dữ liệu.,1
chu-de-2-mang-may-tinh-va-intern-bai-4-mang-may-tinh,Lợi ích nào sau đây KHÔNG phải của mạng máy tính?,"Người dùng có thể liên lạc, trao đổi thông tin với nhau.",Dễ dàng chia sẻ dữ liệu giữa các máy tính.,"Có thể dùng chung các thiết bị như máy in, máy quét.",Giúp máy tính tự động sửa chữa các lỗi phần cứng.,D,"Mạng máy tính mang lại các lợi ích như liên lạc, chia sẻ dữ liệu và dùng chung thiết bị, không phải tự động sửa lỗi phần cứng.",2
chu-de-2-mang-may-tinh-va-intern-bai-4-mang-may-tinh,Các thành phần chính của mạng máy tính bao gồm những gì?,"Thiết bị đầu cuối, thiết bị kết nối và phần mềm mạng.",Chỉ có máy tính và dây cáp.,Chỉ có điện thoại và sóng Wifi.,"Máy in, máy quét và màn hình.",A,"Theo bài học, các thành phần chính của mạng máy tính là thiết bị đầu cuối, thiết bị kết nối và phần mềm mạng.",1
chu-de-2-mang-may-tinh-va-intern-bai-4-mang-may-tinh,"Trong mạng máy tính, thiết bị nào sau đây được coi là thiết bị đầu cuối?",Bộ định tuyến (Router).,Dây cáp mạng.,Điện thoại thông minh.,Bộ chia (Hub).,C,"Thiết bị đầu cuối là các thiết bị dùng để gửi hoặc nhận thông tin trong mạng, ví dụ như máy tính để bàn, điện thoại thông minh, máy in.",1
chu-de-2-mang-may-tinh-va-intern-bai-4-mang-may-tinh,Thiết bị nào dưới đây là một thiết bị kết nối trong mạng máy tính?,Máy tính để bàn.,Máy in.,Bộ định tuyến (Router).,Máy ảnh kỹ thuật số.,C,"Bộ định tuyến (Router) là một thiết bị giúp nối các thiết bị đầu cuối lại với nhau, thuộc nhóm thiết bị kết nối.",1
chu-de-2-mang-may-tinh-va-intern-bai-4-mang-may-tinh,Vai trò của phần mềm mạng trong mạng máy tính là gì?,Giúp điều khiển quá trình truyền dữ liệu và ứng dụng truyền thông.,Giúp thiết bị đầu cuối hoạt động nhanh hơn.,Giúp máy tính tự động cài đặt các trò chơi mới.,Giúp bảo vệ màn hình khỏi bụi bẩn.,A,Phần mềm mạng có vai trò điều khiển quá trình truyền dữ liệu và các ứng dụng truyền thông trong mạng.,1
chu-de-2-mang-may-tinh-va-intern-bai-4-mang-may-tinh,Đường truyền dữ liệu trong mạng máy tính có thể là loại nào?,Chỉ có dây dẫn.,Chỉ có sóng vô tuyến.,"Có dây (cáp) hoặc không dây (Wifi, Bluetooth).",Chỉ dùng qua ổ USB.,C,"Đường truyền dữ liệu có thể là có dây (dây dẫn) hoặc không dây (sóng vô tuyến như Wifi, Bluetooth).",1
chu-de-2-mang-may-tinh-va-intern-bai-4-mang-may-tinh,Lợi ích chính của kết nối không dây so với kết nối có dây là gì?,Tốc độ luôn nhanh hơn kết nối có dây.,"Tiện lợi cho thiết bị di động, dễ lắp đặt và mở rộng.",Chi phí lắp đặt luôn rẻ hơn nhiều.,Không bao giờ bị mất kết nối.,B,"Kết nối không dây tiện lợi cho thiết bị di động, dễ lắp đặt và mở rộng do không cần dây dẫn.",2
chu-de-2-mang-may-tinh-va-intern-bai-4-mang-may-tinh,Mạng không dây giúp tránh được loại sự cố nào?,Sự cố đứt dây do thiên tai hoặc chuột cắn.,Sự cố mất điện đột ngột.,Sự cố máy tính bị virus tấn công.,Sự cố thiết bị đầu cuối bị hỏng.,A,Mạng không dây sử dụng sóng vô tuyến nên tránh được các sự cố vật lý như đứt dây do thiên tai hoặc chuột cắn.,2
chu-de-2-mang-may-tinh-va-intern-bai-4-mang-may-tinh,"Trong tình huống nào sau đây, mạng không dây thể hiện rõ tiện ích của nó?",Kết nối máy tính để bàn với máy in trong cùng một phòng bằng dây cáp.,Sử dụng ổ đĩa USB để sao chép dữ liệu giữa hai máy tính.,Một người dùng điện thoại thông minh để truy cập Internet tại quán cà phê.,Kết nối hai máy tính trong văn phòng bằng dây mạng LAN.,C,"Việc dùng điện thoại truy cập Internet tại quán cà phê là ví dụ điển hình về tiện ích của mạng không dây (Wifi) ở nơi công cộng, cho phép thiết bị di động kết nối dễ dàng.",3
chu-de-2-mang-may-tinh-va-intern-bai-5-internet,Internet là gì?,Một ứng dụng hoặc phần mềm cụ thể trên máy tính.,Một loại hình giải trí trực tuyến phổ biến.,"Một hệ thống mạng lưới máy tính toàn cầu, liên kết các mạng máy tính nhỏ hơn.",Một thiết bị phần cứng để kết nối các máy tính lại với nhau.,C,"Internet là mạng máy tính toàn cầu, liên kết các mạng máy tính nhỏ hơn trên khắp thế giới.",1
chu-de-2-mang-may-tinh-va-intern-bai-5-internet,"Để máy tính có thể truy cập Internet, người dùng cần kết nối và đăng ký với đối tượng nào sau đây?",WWW (World Wide Web).,Một công ty sản xuất máy tính.,Nhà cung cấp dịch vụ Internet (ISP).,Một phần mềm trình duyệt web.,C,Máy tính kết nối Internet qua nhà cung cấp dịch vụ (ISP).,1
chu-de-2-mang-may-tinh-va-intern-bai-5-internet,Hoạt động nào sau đây KHÔNG phải là một trong những mục đích chính khi người dùng truy cập Internet?,Tìm kiếm thông tin.,Chia sẻ thông tin.,Tự sản xuất phần cứng máy tính.,Trao đổi thông tin.,C,"Người dùng truy cập Internet để tìm kiếm, chia sẻ, trao đổi thông tin, không phải để tự sản xuất phần cứng.",2
chu-de-2-mang-may-tinh-va-intern-bai-5-internet,Dịch vụ nào sau đây là một trong những dịch vụ thông tin phổ biến trên Internet?,Hệ điều hành Windows.,Bộ xử lý trung tâm (CPU).,World Wide Web (WWW).,Phần mềm soạn thảo văn bản.,C,WWW là một trong nhiều dịch vụ thông tin khác nhau trên Internet.,1
chu-de-2-mang-may-tinh-va-intern-bai-5-internet,WWW là viết tắt của cụm từ nào và có ý nghĩa gì?,"World Wide Web, là hệ thống thông tin toàn cầu cho phép truy cập tài liệu qua Internet.","Wireless Web World, là công nghệ kết nối mạng không dây.","Web Wide World, là một loại trình duyệt web phổ biến.","World Web Wide, là tên gọi khác của Internet.",A,"WWW (World Wide Web) là hệ thống thông tin toàn cầu, cho phép truy cập tài liệu qua Internet.",1
chu-de-2-mang-may-tinh-va-intern-bai-5-internet,Đặc điểm 'Tính toàn cầu' của Internet có nghĩa là gì?,Internet chỉ kết nối các máy tính trong cùng một thành phố.,Internet là một mạng lưới thuộc sở hữu của một tổ chức quốc tế.,Internet chỉ được sử dụng ở một số quốc gia phát triển.,Internet được sử dụng rộng rãi trên khắp thế giới bởi một phần lớn dân số.,D,"Tính toàn cầu nghĩa là Internet được sử dụng rộng rãi trên khắp thế giới, với hơn một phần ba dân số thế giới dùng Internet.",2
chu-de-2-mang-may-tinh-va-intern-bai-5-internet,"Khi nói Internet có 'Tính tương tác', điều đó có nghĩa là gì?",Internet có khả năng tự động sửa lỗi khi có sự cố.,Người dùng chỉ cho phép giao tiếp giữa máy tính với máy tính.,Người dùng chỉ có thể nhận thông tin mà không thể gửi đi.,Người dùng có thể nhận và gửi thông tin một cách tức thời.,D,Tính tương tác cho phép người dùng nhận và gửi thông tin tức thời.,2
chu-de-2-mang-may-tinh-va-intern-bai-5-internet,"Đặc điểm nào của Internet giúp người dùng có thể tìm kiếm, lưu trữ, chia sẻ thông tin mọi lúc, mọi nơi?",Tính toàn cầu.,Tính tương tác.,Tính dễ tiếp cận.,Tính không chủ sở hữu.,C,"Tính dễ tiếp cận giúp người dùng tìm kiếm, lưu trữ, chia sẻ thông tin mọi lúc, mọi nơi.",2
chu-de-2-mang-may-tinh-va-intern-bai-5-internet,Phát biểu nào sau đây đúng về đặc điểm 'Tính không chủ sở hữu' của Internet?,Internet là một mạng lưới thuộc sở hữu của chính phủ mỗi quốc gia.,Internet là một mạng công cộng toàn cầu và không ai sở hữu nó.,Internet được sở hữu bởi các nhà cung cấp dịch vụ Internet (ISP).,Internet là tài sản của các tập đoàn công nghệ lớn trên thế giới.,B,"Internet là mạng công cộng toàn cầu, không ai sở hữu.",2
chu-de-2-mang-may-tinh-va-intern-bai-5-internet,Lợi ích nào sau đây của Internet giúp học sinh có thể học tiếng Anh với giáo viên nước ngoài qua video call?,"Cung cấp tiện ích phục vụ vui chơi, giải trí.","Trao đổi thông tin nhanh chóng, hiệu quả và học tập trực tuyến.",Internet là mạng công cộng toàn cầu.,Tính dễ tiếp cận thông tin.,B,"Học tiếng Anh qua video call là một hình thức học tập trực tuyến, thuộc lợi ích học tập và trao đổi thông tin nhanh chóng.",3
chu-de-2-mang-may-tinh-va-intern-bai-5-internet,"Ngoài việc học tập và làm việc, Internet còn mang lại lợi ích gì cho đời sống?",Giúp giảm thiểu tương tác xã hội trực tiếp.,"Cung cấp nguồn tài liệu phong phú và tiện ích phục vụ vui chơi, giải trí.",Chỉ dùng để đọc tin tức và gửi thư điện tử.,Giúp người dùng sở hữu các mạng máy tính riêng.,B,"Internet cung cấp nguồn tài liệu phong phú và tiện ích phục vụ đời sống, vui chơi, giải trí.",1
chu-de-3-to-chuc-luu-tru-tim-kie-bai-6-mang-thong-tin-toan-cau,Mạng thông tin toàn cầu còn được gọi là gì?,Internet,Website,World Wide Web,Trình duyệt,C,World Wide Web (WWW) là tên gọi khác của mạng thông tin toàn cầu.,1
chu-de-3-to-chuc-luu-tru-tim-kie-bai-6-mang-thong-tin-toan-cau,World Wide Web (WWW) có vai trò gì?,Là hạ tầng vật lí để kết nối các máy tính.,Là một phần mềm để soạn thảo văn bản.,"Là một dịch vụ trên Internet, liên kết các website trên toàn thế giới.",Là thiết bị để lưu trữ thông tin.,C,"WWW là một dịch vụ trên Internet, có chức năng liên kết các website trên toàn thế giới.",1
chu-de-3-to-chuc-luu-tru-tim-kie-bai-6-mang-thong-tin-toan-cau,Phát biểu nào sau đây đúng khi nói về Internet và World Wide Web (WWW)?,"Internet là hạ tầng, còn WWW là một dịch vụ chạy trên Internet.",Internet và WWW là hai tên gọi khác nhau của cùng một khái niệm.,"WWW là hạ tầng vật lí, còn Internet là các dịch vụ trên hạ tầng đó.",Internet là một dịch vụ chạy trên WWW.,A,"Internet là hạ tầng mạng toàn cầu, còn World Wide Web là một dịch vụ thông tin chạy trên nền tảng Internet.",2
chu-de-3-to-chuc-luu-tru-tim-kie-bai-6-mang-thong-tin-toan-cau,Thông tin trên Internet được tổ chức như thế nào?,Chỉ bao gồm các tài liệu văn bản thuần túy.,Được tạo từ nhiều trang web kết nối với nhau bằng liên kết.,"Được tạo từ nhiều trang web riêng lẻ, không liên quan đến nhau.",Chỉ được lưu trữ trên một máy chủ duy nhất.,B,Thông tin trên Internet được tạo từ nhiều trang web và các trang web này được kết nối với nhau bằng các liên kết.,1
chu-de-3-to-chuc-luu-tru-tim-kie-bai-6-mang-thong-tin-toan-cau,Mỗi trang web trên Internet có đặc điểm gì về địa chỉ?,Tất cả các trang web đều dùng chung một địa chỉ.,Mỗi trang web có một địa chỉ truy cập riêng biệt.,Trang web không cần địa chỉ để truy cập.,Địa chỉ trang web chỉ có thể là số.,B,Mỗi trang web có một địa chỉ truy cập riêng biệt để người dùng có thể tìm đến và xem nội dung của nó.,1
chu-de-3-to-chuc-luu-tru-tim-kie-bai-6-mang-thong-tin-toan-cau,Trang siêu văn bản (Hypertext) là gì?,Là một loại phần mềm giúp truy cập Internet.,"Là trang văn bản đặc biệt, tích hợp nhiều dạng dữ liệu và chứa các liên kết.",Là một trang văn bản chỉ chứa chữ viết và không có hình ảnh.,Là địa chỉ duy nhất của một website.,B,"Trang siêu văn bản là trang văn bản đặc biệt, tích hợp nhiều dạng dữ liệu (văn bản, hình ảnh, âm thanh) và chứa các liên kết đến vị trí khác hoặc trang web khác.",1
chu-de-3-to-chuc-luu-tru-tim-kie-bai-6-mang-thong-tin-toan-cau,"Mối quan hệ giữa ""trang web"" và ""trang siêu văn bản"" là gì?","Trang web chỉ là văn bản thuần túy, còn trang siêu văn bản có thêm hình ảnh.",Mỗi trang web là một trang siêu văn bản được gán cho một địa chỉ truy cập trên Internet.,Trang siêu văn bản là tập hợp các trang web liên quan.,Trang web và trang siêu văn bản là hai khái niệm hoàn toàn khác nhau.,B,Mỗi trang web thực chất là một trang siêu văn bản được gán cho một địa chỉ truy cập cụ thể trên Internet.,2
chu-de-3-to-chuc-luu-tru-tim-kie-bai-6-mang-thong-tin-toan-cau,Khái niệm Website được định nghĩa như thế nào?,Là một trang web duy nhất chứa tất cả thông tin.,Là tập hợp các trang web không liên quan đến nhau.,"Là tập hợp các trang web liên quan, truy cập qua một địa chỉ duy nhất.",Là một phần mềm dùng để xem phim trực tuyến.,C,"Website là tập hợp các trang web có liên quan đến nhau, được truy cập thông qua một địa chỉ duy nhất.",1
chu-de-3-to-chuc-luu-tru-tim-kie-bai-6-mang-thong-tin-toan-cau,"Sự khác biệt chính giữa ""trang web"" và ""website"" là gì?","Trang web là một trang siêu văn bản, còn website là tập hợp nhiều trang web liên quan.","Trang web là một phần mềm, còn website là một tập tin.","Trang web cần trình duyệt để mở, còn website thì không.","Trang web có địa chỉ, còn website thì không.",A,"Trang web là một trang siêu văn bản cụ thể, trong khi website là một tập hợp các trang web có liên quan đến nhau, thường có chung một địa chỉ chính.",2
chu-de-3-to-chuc-luu-tru-tim-kie-bai-6-mang-thong-tin-toan-cau,Trang chủ (homepage) của một website là gì?,Là trang đầu tiên xuất hiện khi truy cập một website.,Là trang cuối cùng mà người dùng truy cập trước khi thoát.,Là trang có nhiều hình ảnh nhất trên website.,Là trang chỉ chứa các liên kết đến website khác.,A,Trang chủ là trang đầu tiên mà người dùng nhìn thấy khi truy cập vào một website.,1
chu-de-3-to-chuc-luu-tru-tim-kie-bai-6-mang-thong-tin-toan-cau,Phần mềm nào giúp người dùng truy cập và xem các trang web?,Hệ điều hành.,Trình duyệt web.,Phần mềm soạn thảo văn bản.,Phần mềm diệt virus.,B,Trình duyệt web là phần mềm ứng dụng được thiết kế để giúp người dùng truy cập và xem các trang web trên Internet.,1
chu-de-3-to-chuc-luu-tru-tim-kie-bai-6-mang-thong-tin-toan-cau,Đâu là một ví dụ về trình duyệt web phổ biến?,Microsoft Word,Google Chrome,Adobe Photoshop,Windows Explorer,B,Google Chrome là một trong những trình duyệt web phổ biến nhất hiện nay.,1
chu-de-3-to-chuc-luu-tru-tim-kie-bai-6-mang-thong-tin-toan-cau,"Để truy cập một trang web cụ thể, bạn cần làm gì trong trình duyệt?",Khởi động lại trình duyệt.,Nhập địa chỉ trang web vào thanh địa chỉ và nhấn Enter.,Nhập tên trang web vào ô tìm kiếm và nhấn Enter.,Nháy vào bất kỳ liên kết nào trên trang hiện tại.,B,"Để truy cập một trang web, bạn cần nhập địa chỉ chính xác của trang đó vào thanh địa chỉ của trình duyệt và nhấn Enter.",2
chu-de-3-to-chuc-luu-tru-tim-kie-bai-6-mang-thong-tin-toan-cau,"Hoạt động ""duyệt web"" có nghĩa là gì?",Tải xuống các tệp tin từ Internet.,Gửi email cho bạn bè.,Di chuyển theo các liên kết để xem thông tin trên các trang web.,Soạn thảo văn bản trên một trang web.,C,Duyệt web là quá trình người dùng di chuyển từ trang này sang trang khác bằng cách nháy vào các liên kết để xem thông tin.,1
chu-de-3-to-chuc-luu-tru-tim-kie-bai-6-mang-thong-tin-toan-cau,"Để dễ dàng truy cập lại một trang web yêu thích mà không cần gõ lại địa chỉ, bạn có thể làm gì?",Ghi địa chỉ trang web ra giấy.,Chụp ảnh màn hình trang web đó.,Lưu địa chỉ trang web vào thanh đánh dấu (Bookmarks bar) của trình duyệt.,Chia sẻ trang web đó lên mạng xã hội.,C,Chức năng thanh đánh dấu (Bookmarks bar) trong trình duyệt giúp người dùng lưu lại địa chỉ các trang web để truy cập nhanh chóng trong tương lai.,2
chu-de-3-to-chuc-luu-tru-tim-kie-bai-7-tim-kiem-thong-tin-tren-internet,Internet được mô tả là một kho thông tin như thế nào?,Nhỏ gọn và dễ quản lý.,"Khổng lồ, giúp tìm kiếm nhanh chóng và thuận tiện.",Chỉ chứa thông tin giải trí.,Chủ yếu là thông tin cá nhân.,B,"Internet là kho thông tin khổng lồ, việc tìm kiếm rất nhanh chóng và thuận tiện.",1
chu-de-3-to-chuc-luu-tru-tim-kie-bai-7-tim-kiem-thong-tin-tren-internet,"""Máy tìm kiếm"" là gì?",Một phần mềm diệt virus.,Một thiết bị phần cứng để kết nối Internet.,Một website đặc biệt giúp người dùng tìm kiếm thông tin trên Internet.,Một ứng dụng trò chuyện trực tuyến.,C,Máy tìm kiếm là website đặc biệt giúp người dùng tìm thông tin trên Internet.,1
chu-de-3-to-chuc-luu-tru-tim-kie-bai-7-tim-kiem-thong-tin-tren-internet,Từ khoá là gì trong việc tìm kiếm thông tin trên Internet?,Một từ hoặc cụm từ liên quan đến nội dung cần tìm kiếm.,Tên của máy tìm kiếm bạn đang sử dụng.,Địa chỉ của trang web bạn muốn truy cập.,Tên người tạo ra trang web.,A,Từ khoá là từ hoặc cụm từ liên quan nội dung cần tìm.,1
chu-de-3-to-chuc-luu-tru-tim-kie-bai-7-tim-kiem-thong-tin-tren-internet,Tại sao việc chọn từ khoá phù hợp lại quan trọng khi tìm kiếm thông tin?,Để việc tìm kiếm đạt hiệu quả cao.,Để tránh các trang web quảng cáo.,Để máy tính chạy nhanh hơn.,Để thay đổi giao diện của máy tìm kiếm.,A,Chọn từ khoá phù hợp giúp việc tìm kiếm hiệu quả.,2
chu-de-3-to-chuc-luu-tru-tim-kie-bai-7-tim-kiem-thong-tin-tren-internet,"Khi muốn thu hẹp phạm vi tìm kiếm để có kết quả chính xác hơn, người dùng nên làm gì với từ khoá?",Đặt từ khoá trong dấu ngoặc đơn ( ).,Thêm nhiều từ khoá không liên quan.,Viết hoa tất cả các chữ cái của từ khoá.,"Đặt từ khoá trong dấu ngoặc kép ("" "").",D,"Dùng dấu ngoặc kép ("" "") để thu hẹp phạm vi tìm kiếm.",2
chu-de-3-to-chuc-luu-tru-tim-kie-bai-7-tim-kiem-thong-tin-tren-internet,"Trong tìm kiếm trên Internet, dấu cộng (+) và dấu trừ (-) có công dụng gì?","Dấu cộng để tăng cỡ chữ, dấu trừ để giảm cỡ chữ.","Dấu cộng để thêm từ khoá, dấu trừ để bớt từ khoá.","Dấu cộng để đánh dấu trang, dấu trừ để bỏ đánh dấu.","Dấu cộng để phóng to hình ảnh, dấu trừ để thu nhỏ hình ảnh.",B,Dùng dấu cộng (+) hoặc trừ (-) để thêm hoặc bớt từ khoá.,2
chu-de-3-to-chuc-luu-tru-tim-kie-bai-7-tim-kiem-thong-tin-tren-internet,Kết quả tìm kiếm trên máy tìm kiếm thường là gì?,Một tập tin duy nhất chứa tất cả thông tin.,Một đoạn phim quảng cáo.,Một danh sách các liên kết trỏ đến các trang web chứa từ khoá.,Một trò chơi trực tuyến.,C,Kết quả tìm kiếm là danh sách các liên kết trỏ đến các trang web chứa từ khoá.,1
chu-de-3-to-chuc-luu-tru-tim-kie-bai-7-tim-kiem-thong-tin-tren-internet,Các liên kết trong kết quả tìm kiếm có thể dẫn đến loại thông tin nào?,Chỉ có văn bản.,Chỉ có hình ảnh.,Chỉ có video.,"Văn bản, hình ảnh hoặc video.",D,"Các liên kết có thể là văn bản, hình ảnh, video.",1
chu-de-3-to-chuc-luu-tru-tim-kie-bai-7-tim-kiem-thong-tin-tren-internet,"Trong danh sách kết quả tìm kiếm, thông tin liên quan nhất thường xuất hiện ở đâu?",Ở cuối danh sách.,Ngẫu nhiên ở bất kỳ vị trí nào.,Ở đầu danh sách.,Ở giữa danh sách.,C,Thông tin liên quan nhất thường ở đầu danh sách.,2
chu-de-3-to-chuc-luu-tru-tim-kie-bai-7-tim-kiem-thong-tin-tren-internet,"Sau khi nhận được kết quả tìm kiếm, điều quan trọng cần làm trước khi sử dụng thông tin là gì?",Chia sẻ ngay lập tức cho bạn bè.,"Chọn lọc thông tin chính xác, phù hợp để dùng.",Tải xuống tất cả các liên kết.,Đóng trình duyệt và không xem nữa.,B,"Cần chọn lọc thông tin chính xác, phù hợp để dùng.",2
chu-de-3-to-chuc-luu-tru-tim-kie-bai-7-tim-kiem-thong-tin-tren-internet,"Khi sử dụng Internet, người dùng cần tuân thủ điều gì?",Chỉ cần tuân thủ luật lệ ở nhà.,Không cần tuân thủ bất kỳ quy định nào.,Chỉ tuân thủ các quy tắc của trò chơi trực tuyến.,Tuân thủ một số quy định của pháp luật.,D,"Khi sử dụng Internet, cần tuân thủ một số quy định của pháp luật.",2
chu-de-3-to-chuc-luu-tru-tim-kie-bai-7-tim-kiem-thong-tin-tren-internet,Điều nào sau đây là đúng về thông tin trên Internet?,Mọi thông tin trên Internet đều đúng và an toàn.,Internet chỉ có thông tin bổ ích.,"Internet có thông tin bổ ích và cả độc hại, cần hỏi ý kiến bố mẹ trước khi truy cập.",Internet chỉ chứa thông tin giải trí.,C,"Internet có thông tin bổ ích và cả độc hại, cần cẩn trọng và hỏi ý kiến bố mẹ.",2
chu-de-3-to-chuc-luu-tru-tim-kie-bai-7-tim-kiem-thong-tin-tren-internet,Lời khuyên nào sau đây là đúng khi chia sẻ thông tin cá nhân trên Internet?,Nên chia sẻ mọi thông tin cá nhân để kết bạn.,Chia sẻ thông tin cá nhân là hoàn toàn an toàn.,Chỉ chia sẻ thông tin cá nhân với người lạ.,Cần thận trọng khi chia sẻ thông tin cá nhân trên Internet.,D,Cần thận trọng khi chia sẻ thông tin cá nhân trên Internet.,2
chu-de-3-to-chuc-luu-tru-tim-kie-bai-8-thu-dien-tu,Thư điện tử (email) là gì?,Thư được gửi và nhận qua mạng máy tính.,Thư chỉ dùng để trao đổi văn bản giữa hai người.,Thư được gửi và nhận bằng bưu điện truyền thống.,Thư chỉ có thể gửi cho người ở gần.,A,Thư điện tử là phương tiện trao đổi thông tin qua mạng máy tính.,1
chu-de-3-to-chuc-luu-tru-tim-kie-bai-8-thu-dien-tu,Dịch vụ thư điện tử cung cấp những chức năng nào?,"Soạn, gửi, nhận, lưu trữ và quản lí thư.",Chỉ soạn và gửi thư.,Chỉ nhận và đọc thư.,Chỉ gửi thư cho một người duy nhất.,A,"Dịch vụ thư điện tử cung cấp đầy đủ các chức năng như soạn, gửi, nhận, lưu trữ và quản lí thư.",1
chu-de-3-to-chuc-luu-tru-tim-kie-bai-8-thu-dien-tu,"Để có thể sử dụng dịch vụ thư điện tử, người dùng cần làm gì?",Mua một chiếc điện thoại thông minh.,Chỉ cần có kết nối internet.,Nhờ người khác tạo thư giúp mình.,Đăng ký một tài khoản thư điện tử với nhà cung cấp dịch vụ.,D,Người dùng cần đăng ký tài khoản để có hộp thư điện tử riêng và sử dụng dịch vụ.,1
chu-de-3-to-chuc-luu-tru-tim-kie-bai-8-thu-dien-tu,Một tài khoản thư điện tử thường bao gồm những thành phần nào?,"Tên đăng nhập, mật khẩu và địa chỉ thư điện tử.",Tên người dùng và số điện thoại.,Chỉ cần địa chỉ thư điện tử.,Tên đăng nhập và ngày sinh.,A,"Tài khoản thư điện tử bao gồm tên đăng nhập, mật khẩu và được gắn với một địa chỉ thư điện tử.",1
chu-de-3-to-chuc-luu-tru-tim-kie-bai-8-thu-dien-tu,Cấu trúc đúng của một địa chỉ thư điện tử là gì?,<địa chỉ máy chủ>@<tên đăng nhập>,<tên đăng nhập>@<địa chỉ máy chủ>,<tên đăng nhập>.<địa chỉ máy chủ>,<địa chỉ máy chủ>-<tên đăng nhập>,B,Địa chỉ thư điện tử có dạng <tên đăng nhập>@<địa chỉ máy chủ>.,1
chu-de-3-to-chuc-luu-tru-tim-kie-bai-8-thu-dien-tu,"Trong địa chỉ thư điện tử, thành phần nào do người dùng tự chọn khi đăng ký và thành phần nào do nhà cung cấp dịch vụ quy định?",Cả tên đăng nhập và địa chỉ máy chủ đều do người dùng chọn.,"Tên đăng nhập do người dùng chọn, địa chỉ máy chủ do nhà cung cấp quy định.",Cả tên đăng nhập và địa chỉ máy chủ đều do nhà cung cấp quy định.,"Tên đăng nhập do nhà cung cấp quy định, địa chỉ máy chủ do người dùng chọn.",B,"Tên đăng nhập do người dùng tự chọn, còn địa chỉ máy chủ do nhà cung cấp dịch vụ quy định.",2
chu-de-3-to-chuc-luu-tru-tim-kie-bai-8-thu-dien-tu,Điều nào sau đây là đúng về địa chỉ thư điện tử?,Mỗi địa chỉ thư điện tử có thể trùng nhau nếu khác quốc gia.,Hai người có thể có cùng một địa chỉ thư điện tử.,Địa chỉ thư điện tử chỉ duy nhất trong một thành phố.,Mỗi địa chỉ thư điện tử là duy nhất trên toàn cầu.,D,"Mỗi địa chỉ thư điện tử là duy nhất trên toàn cầu, không có hai địa chỉ nào giống nhau.",1
chu-de-3-to-chuc-luu-tru-tim-kie-bai-8-thu-dien-tu,Ưu điểm nổi bật của thư điện tử so với thư truyền thống là gì?,Thời gian gửi và nhận thư rất lâu.,Chỉ có thể gửi cho một người duy nhất.,"Tốc độ gửi nhận nhanh, chi phí thấp và có thể gửi kèm tệp.",Không thể gửi kèm hình ảnh hay video.,C,"Thư điện tử có ưu điểm gửi nhận nhanh, chi phí thấp và có thể gửi kèm nhiều loại tệp.",1
chu-de-3-to-chuc-luu-tru-tim-kie-bai-8-thu-dien-tu,Thư điện tử có thể gửi kèm những loại tệp nào?,Chỉ có thể gửi kèm văn bản.,Chỉ có thể gửi kèm hình ảnh và âm thanh.,"Thư điện tử có thể gửi kèm nhiều loại tệp như ảnh, âm thanh, video.",Không thể gửi kèm bất kỳ tệp nào.,C,"Thư điện tử có thể gửi kèm nhiều loại tệp khác nhau, không chỉ văn bản.",2
chu-de-3-to-chuc-luu-tru-tim-kie-bai-8-thu-dien-tu,Một trong những lợi ích của việc sử dụng thư điện tử là gì?,Khó khăn trong việc tìm lại thư cũ.,"Dễ dàng lưu trữ và tìm kiếm thư đã gửi, nhận.",Không thể lưu trữ thư đã đọc.,Thư sẽ tự động xóa sau một thời gian.,B,Thư điện tử cho phép lưu trữ và tìm kiếm các thư đã gửi hoặc nhận một cách dễ dàng.,1
chu-de-3-to-chuc-luu-tru-tim-kie-bai-8-thu-dien-tu,Nhược điểm của việc sử dụng thư điện tử là gì?,Không cần kết nối mạng vẫn có thể gửi nhận thư.,"Rất an toàn, không bao giờ bị virus hay thư rác.",Chi phí sử dụng rất cao.,"Cần kết nối mạng, có thể bị virus, thư rác, lừa đảo.",D,"Nhược điểm của thư điện tử là cần kết nối mạng và có nguy cơ bị virus, thư rác, lừa đảo.",1
chu-de-3-to-chuc-luu-tru-tim-kie-bai-8-thu-dien-tu,Thao tác nào sau đây KHÔNG phải là thao tác cơ bản khi sử dụng thư điện tử?,Đăng nhập.,Soạn thư.,Mua sắm trực tuyến.,Gửi thư.,C,"Mua sắm trực tuyến không phải là thao tác cơ bản của việc sử dụng thư điện tử. Các thao tác cơ bản bao gồm đăng nhập, soạn, gửi, xem và đăng xuất.",2
chu-de-3-to-chuc-luu-tru-tim-kie-bai-8-thu-dien-tu,Tại sao người dùng nên luôn đăng xuất khỏi hộp thư điện tử khi không sử dụng?,Để tiết kiệm pin cho máy tính.,Để người khác có thể dễ dàng truy cập vào hộp thư của bạn.,Để bảo mật thông tin cá nhân và tránh bị lạm dụng tài khoản.,Để thư điện tử tự động cập nhật phiên bản mới.,C,Luôn đăng xuất khỏi hộp thư khi không sử dụng là để bảo mật thông tin cá nhân.,2
chu-de-4-dao-duc-phap-luat-va-va-bai-9-an-toan-thong-tin-tren-internet,Tác hại nào sau đây thường gặp nhất khi sử dụng Internet?,Máy tính chạy nhanh hơn.,Có nhiều bạn bè mới.,Học được nhiều điều hay.,Thông tin cá nhân dễ bị lộ hoặc đánh cắp.,D,"Nội dung bài học nêu rõ ""Thông tin cá nhân dễ bị lộ hoặc đánh cắp"" là tác hại phổ biến khi dùng Internet.",1
chu-de-4-dao-duc-phap-luat-va-va-bai-9-an-toan-thong-tin-tren-internet,Đâu KHÔNG phải là một tác hại hoặc nguy cơ khi sử dụng Internet?,"Dễ bị lừa đảo, dụ dỗ, đe doạ, bắt nạt trên mạng.","Tiếp nhận thông tin không chính xác, gây hiểu lầm.",Có thể kết nối với bạn bè và người thân ở xa.,Máy tính có thể bị nhiễm virus hoặc mã độc.,C,"Kết nối với bạn bè và người thân là lợi ích của Internet, không phải tác hại hay nguy cơ.",2
chu-de-4-dao-duc-phap-luat-va-va-bai-9-an-toan-thong-tin-tren-internet,"Ngoài các nguy cơ về thông tin và mã độc, tác hại nghiêm trọng nào khác có thể xảy ra khi sử dụng Internet quá mức?",Giúp tăng cường khả năng giao tiếp xã hội.,Gây nghiện Internet và trò chơi trực tuyến.,Cải thiện kỹ năng tìm kiếm thông tin.,Mở rộng kiến thức về thế giới.,B,Nghiện Internet và trò chơi trực tuyến là một tác hại nghiêm trọng được đề cập trong bài học.,1
chu-de-4-dao-duc-phap-luat-va-va-bai-9-an-toan-thong-tin-tren-internet,Đâu KHÔNG phải là một trong năm quy tắc an toàn khi sử dụng Internet?,Giữ an toàn thông tin cá nhân.,Không gặp gỡ người lạ quen qua mạng một mình.,Chia sẻ mọi thông tin cá nhân để kết bạn.,Kiểm tra độ tin cậy của thông tin trước khi tin.,C,"Năm quy tắc vàng bao gồm Giữ, Không, Đừng, Kiểm, Nói. Chia sẻ mọi thông tin cá nhân là hành động không an toàn.",2
chu-de-4-dao-duc-phap-luat-va-va-bai-9-an-toan-thong-tin-tren-internet,"Để bảo vệ thông tin cá nhân và tài khoản trên Internet một cách hiệu quả, ai nên là người hỗ trợ chúng ta?",Bạn bè cùng lớp.,Người lớn trong gia đình.,Người lạ trên mạng.,Tự mình quyết định mọi thứ.,B,Bài học nhấn mạnh thông tin cá nhân và tài khoản cần được bảo vệ cẩn thận với sự hỗ trợ của người lớn.,1
chu-de-4-dao-duc-phap-luat-va-va-bai-9-an-toan-thong-tin-tren-internet,Biện pháp nào sau đây giúp bảo vệ máy tính khỏi virus và mã độc?,Tải về các phần mềm trò chơi không rõ nguồn gốc.,Cài đặt và cập nhật phần mềm chống virus thường xuyên.,Mở tất cả các tệp đính kèm từ email lạ.,Truy cập các liên kết không an toàn.,B,Cài đặt và cập nhật phần mềm chống virus là biện pháp hiệu quả để bảo vệ máy tính khỏi các chương trình độc hại.,1
chu-de-4-dao-duc-phap-luat-va-va-bai-9-an-toan-thong-tin-tren-internet,"Để bảo vệ tài khoản cá nhân trên Internet, em nên làm gì?",Sử dụng mật khẩu dễ đoán như ngày sinh.,Chia sẻ mật khẩu cho bạn bè thân thiết.,Sử dụng mật khẩu mạnh và luôn đăng xuất tài khoản sau khi dùng.,Để tài khoản luôn đăng nhập để tiện sử dụng.,C,Sử dụng mật khẩu mạnh và đăng xuất tài khoản sau khi dùng là cách bảo vệ tài khoản cá nhân an toàn.,1
chu-de-4-dao-duc-phap-luat-va-va-bai-9-an-toan-thong-tin-tren-internet,"Để tránh bị lừa đảo trực tuyến, em nên thực hiện hành động nào sau đây?",Truy cập mọi liên kết được gửi đến.,Mở tất cả các tệp từ người không quen.,Chỉ truy cập liên kết đáng tin cậy và không mở tệp từ người không quen.,Chia sẻ thông tin cá nhân khi được yêu cầu qua email lạ.,C,Tránh truy cập liên kết lạ hoặc mở tệp từ người không quen là biện pháp phòng ngừa lừa đảo trực tuyến.,2
chu-de-4-dao-duc-phap-luat-va-va-bai-9-an-toan-thong-tin-tren-internet,"Khi sử dụng Internet, điều gì KHÔNG nên làm liên quan đến việc chia sẻ thông tin?",Chia sẻ thông tin cá nhân với người mình tin cậy.,Luôn xác nhận thông tin trước khi chia sẻ.,Lan truyền tin giả hoặc thông tin chưa được kiểm chứng.,Hỏi ý kiến người lớn trước khi chia sẻ thông tin quan trọng.,C,Không chia sẻ thông tin chưa được kiểm chứng hoặc lan truyền tin giả là một quy tắc an toàn quan trọng trên mạng.,2
chu-de-4-dao-duc-phap-luat-va-va-bai-9-an-toan-thong-tin-tren-internet,"Khi em nhận được một thông điệp lạ yêu cầu cung cấp thông tin cá nhân như mật khẩu hoặc số điện thoại, em nên làm gì?",Cung cấp ngay lập tức để xem có chuyện gì.,Bỏ qua và không nói cho ai biết.,"Cảnh giác, không cung cấp thông tin và hỏi ý kiến người lớn.",Chia sẻ thông điệp đó cho bạn bè để cùng xem.,C,Cần cảnh giác với các thông điệp lừa đảo và không cung cấp thông tin cá nhân. Hãy hỏi ý kiến người lớn để được hỗ trợ.,3
chu-de-4-dao-duc-phap-luat-va-va-bai-9-an-toan-thong-tin-tren-internet,"Nếu một người bạn quen qua mạng yêu cầu thông tin cá nhân của em, em nên làm gì trước khi quyết định chia sẻ?",Cung cấp ngay vì đó là bạn của em.,Luôn xác nhận thông tin cá nhân và hỏi ý kiến người lớn.,Chia sẻ một phần thông tin để xem phản ứng của họ.,Chỉ chia sẻ khi họ hứa sẽ giữ bí mật.,B,"Luôn xác nhận thông tin cá nhân trước khi chia sẻ, đặc biệt với người quen qua mạng và cần sự hỗ trợ của người lớn.",2
chu-de-5-ung-dung-tin-hoc-bai-10-so-do-tu-duy,Sơ đồ tư duy là gì?,Phương pháp trình bày thông tin một cách trực quan.,Phương pháp ghi chép thông tin chỉ bằng văn bản.,Phương pháp sắp xếp thông tin theo thứ tự bảng chữ cái.,Phương pháp chỉ dùng hình ảnh để biểu diễn ý tưởng.,A,"Sơ đồ tư duy là phương pháp ghi nhớ, sắp xếp thông tin trực quan bằng từ khóa, hình ảnh, đường nối.",1
chu-de-5-ung-dung-tin-hoc-bai-10-so-do-tu-duy,"Để biểu diễn thông tin, sơ đồ tư duy sử dụng những yếu tố nào?",Chỉ sử dụng văn bản và số liệu.,"Từ khóa, hình ảnh và đường nối.",Các đoạn văn dài và mũi tên.,Chỉ sử dụng hình ảnh và biểu đồ.,B,"Sơ đồ tư duy dùng từ khóa, hình ảnh, đường nối để biểu diễn thông tin.",1
chu-de-5-ung-dung-tin-hoc-bai-10-so-do-tu-duy,Lợi ích chính của sơ đồ tư duy đối với việc ghi nhớ thông tin là gì?,Giúp ghi nhớ thông tin trong thời gian ngắn.,Chỉ giúp ghi nhớ các con số và dữ liệu khô khan.,Làm cho thông tin trở nên phức tạp hơn.,Giúp bộ não ghi nhớ thông tin dễ dàng và lâu hơn.,D,Sơ đồ tư duy giúp bộ não ghi nhớ thông tin tốt hơn và lâu hơn.,1
chu-de-5-ung-dung-tin-hoc-bai-10-so-do-tu-duy,"Ngoài việc ghi nhớ, sơ đồ tư duy còn có lợi ích nào khác cho tư duy?",Hạn chế khả năng phân tích vấn đề.,Giới hạn các ý tưởng mới.,Chỉ giúp tổng hợp thông tin mà không phân tích.,"Thúc đẩy tư duy, nảy sinh ý tưởng và tăng khả năng sáng tạo.",D,"Sơ đồ tư duy thúc đẩy tư duy, nảy sinh ý tưởng và tăng khả năng sáng tạo.",2
chu-de-5-ung-dung-tin-hoc-bai-10-so-do-tu-duy,"Khi tạo sơ đồ tư duy, chủ đề chính được đặt ở vị trí nào?",Ở vị trí trung tâm của sơ đồ.,Ở cuối cùng của sơ đồ.,Ở góc trên bên trái của trang giấy.,Ở bất kỳ vị trí nào tùy ý.,A,"Chủ đề chính là ý tưởng trung tâm của sơ đồ tư duy, đặt ở giữa.",1
chu-de-5-ung-dung-tin-hoc-bai-10-so-do-tu-duy,Các chủ đề nhánh trong sơ đồ tư duy được phát triển như thế nào?,Được liệt kê độc lập không liên quan đến chủ đề chính.,Được vẽ và phát triển từ chủ đề chính.,Được đặt ngẫu nhiên xung quanh chủ đề chính.,Chỉ là các ghi chú phụ không có cấu trúc.,B,"Các chủ đề nhánh triển khai từ chủ đề chính, có mối liên hệ.",1
chu-de-5-ung-dung-tin-hoc-bai-10-so-do-tu-duy,"Để trình bày thông tin chi tiết trên sơ đồ tư duy, chúng ta nên sử dụng gì?",Các đoạn văn dài và phức tạp.,Chỉ các con số và dữ liệu.,Từ khóa hoặc hình ảnh.,Các biểu đồ và bảng biểu.,C,Thông tin chi tiết trên sơ đồ tư duy nên dùng từ khóa hoặc hình ảnh.,1
chu-de-5-ung-dung-tin-hoc-bai-10-so-do-tu-duy,Việc sử dụng màu sắc đa dạng trong sơ đồ tư duy có tác dụng gì?,Làm cho sơ đồ trông đẹp mắt hơn nhưng không có lợi ích khác.,"Chỉ để trang trí, không ảnh hưởng đến khả năng ghi nhớ.","Kích thích não bộ, giúp ghi nhớ và tăng hứng thú.",Giúp phân biệt các chủ đề chính và chủ đề nhánh một cách rõ ràng.,C,"Dùng màu sắc để kích thích não bộ, giúp ghi nhớ và tăng hứng thú.",2
chu-de-5-ung-dung-tin-hoc-bai-10-so-do-tu-duy,Lợi ích của việc tạo sơ đồ tư duy bằng phần mềm là gì?,Chỉ giúp tạo nhanh hơn nhưng khó sửa chữa.,"Giúp việc tạo, sửa chữa và chia sẻ thông tin dễ dàng hơn.",Bắt buộc phải có kết nối internet để sử dụng.,Chỉ phù hợp cho những người có kỹ năng vẽ kém.,B,"Phần mềm giúp tạo sơ đồ tư duy dễ dàng, nhanh chóng, dễ sửa chữa, điều chỉnh, chia sẻ thông tin.",2
chu-de-5-ung-dung-tin-hoc-bai-10-so-do-tu-duy,Phần mềm nào sau đây được nhắc đến là phần mềm chuyên dụng để tạo sơ đồ tư duy?,Google Chrome.,Microsoft Word.,Adobe Photoshop.,MindMaple Lite.,D,MindMaple Lite là một trong những phần mềm chuyên dụng để tạo sơ đồ tư duy được nhắc đến trong bài học.,1
chu-de-5-ung-dung-tin-hoc-bai-10-so-do-tu-duy,Sơ đồ tư duy được ứng dụng rộng rãi trong những lĩnh vực nào?,Chỉ dùng trong nghệ thuật và giải trí.,"Trong học tập, lập kế hoạch và trao đổi thông tin.",Chỉ dùng để ghi chép cá nhân.,Chỉ dùng trong các cuộc họp kinh doanh.,B,"Sơ đồ tư duy được ứng dụng rộng rãi trong học tập, lập kế hoạch và trao đổi thông tin.",2
chu-de-5-ung-dung-tin-hoc-bai-11-dinh-dang-van-ban,Chức năng cơ bản nào sau đây KHÔNG phải của phần mềm soạn thảo văn bản?,Tạo và biên tập văn bản.,Lưu trữ và in văn bản.,Chỉnh sửa và định dạng văn bản.,Thiết kế đồ họa chuyên nghiệp.,D,"Phần mềm soạn thảo văn bản tập trung vào việc xử lý văn bản, không phải thiết kế đồ họa chuyên nghiệp.",1
chu-de-5-ung-dung-tin-hoc-bai-11-dinh-dang-van-ban,Chức năng nào dưới đây thuộc nhóm chức năng nâng cao của phần mềm soạn thảo văn bản?,Tạo văn bản mới.,Xem lại và theo dõi thay đổi tài liệu.,In tài liệu ra giấy.,Chỉnh sửa lỗi chính tả đơn giản.,B,"Các chức năng như xem lại, theo dõi thay đổi, lưu trữ đám mây và làm việc cộng tác là những chức năng nâng cao.",2
chu-de-5-ung-dung-tin-hoc-bai-11-dinh-dang-van-ban,Mục đích chính của việc định dạng đoạn văn bản là gì?,Thay đổi cách trình bày của một đoạn văn bản cụ thể.,Thiết lập bố cục và kích thước cho toàn bộ trang tài liệu.,Lựa chọn khổ giấy cho tài liệu.,Đặt lề trang cho toàn bộ văn bản.,A,"Định dạng đoạn văn bản giúp thay đổi cách trình bày của riêng một đoạn văn bản, ví dụ như căn lề, khoảng cách dòng.",1
chu-de-5-ung-dung-tin-hoc-bai-11-dinh-dang-van-ban,"Trong phần mềm soạn thảo văn bản, các lệnh để định dạng đoạn (như căn lề, khoảng cách dòng) thường nằm ở đâu?","Thẻ Page Layout, nhóm Page Setup.","Thẻ Insert, nhóm Illustrations.","Thẻ Home, nhóm Paragraph.","Thẻ File, nhóm Print.",C,"Các lệnh định dạng đoạn văn bản (căn lề, tăng giảm lề, khoảng cách dòng) nằm trong thẻ Home, nhóm Paragraph.",1
chu-de-5-ung-dung-tin-hoc-bai-11-dinh-dang-van-ban,"Trong phần mềm soạn thảo văn bản, một đoạn văn bản mới được phân cách bởi dấu ngắt đoạn khi người dùng nhấn phím nào?",Shift.,Ctrl.,Tab.,Enter.,D,Một đoạn văn bản được phân cách bởi dấu ngắt đoạn khi nhấn phím Enter.,1
chu-de-5-ung-dung-tin-hoc-bai-11-dinh-dang-van-ban,Định dạng trang văn bản có tác dụng gì?,Giúp văn bản đẹp và có bố cục hài hoà.,Giúp thay đổi phông chữ và cỡ chữ của văn bản.,Giúp chèn hình ảnh và bảng biểu vào văn bản.,Giúp tìm kiếm và thay thế từ trong văn bản.,A,Định dạng trang văn bản giúp văn bản có bố cục hài hòa và đẹp hơn.,1
chu-de-5-ung-dung-tin-hoc-bai-11-dinh-dang-van-ban,Yêu cầu nào sau đây KHÔNG thuộc các yêu cầu cơ bản khi trình bày định dạng trang văn bản?,Chọn hướng trang (đứng/ngang).,Thay đổi màu sắc của chữ.,"Đặt lề trang (trái, phải, trên, dưới).",Lựa chọn khổ giấy (ví dụ A4).,B,"Thay đổi màu sắc của chữ là định dạng ký tự, không phải định dạng trang văn bản.",2
chu-de-5-ung-dung-tin-hoc-bai-11-dinh-dang-van-ban,"Để thiết lập hướng trang, lề trang và khổ giấy, người dùng sẽ tìm các lệnh này ở đâu trong phần mềm soạn thảo văn bản?","Thẻ Home, nhóm Font.","Thẻ Insert, nhóm Pages.","Thẻ Page Layout, nhóm Page Setup.","Thẻ View, nhóm Show.",C,"Các lệnh định dạng trang văn bản (hướng trang, lề trang, khổ giấy) nằm trong thẻ Page Layout, nhóm Page Setup.",1
chu-de-5-ung-dung-tin-hoc-bai-11-dinh-dang-van-ban,"Sau khi hoàn thành việc soạn thảo văn bản, để in văn bản ra giấy, người dùng cần vào thẻ nào và chọn lệnh gì?","Thẻ Home, chọn lệnh Copy.","Thẻ Insert, chọn lệnh Picture.","Thẻ View, chọn lệnh Zoom.","Thẻ File, chọn lệnh Print.",D,"Để in văn bản ra giấy, người dùng vào thẻ File và chọn lệnh Print.",1
chu-de-5-ung-dung-tin-hoc-bai-12-trinh-bay-thong-tin-o-dang-bang,Ưu điểm chính của việc trình bày thông tin dạng bảng là gì?,"Giúp thông tin gọn gàng, dễ nhìn.",Chỉ chứa được văn bản.,Khó tìm kiếm và so sánh dữ liệu.,Chỉ dùng được cho bảng nhỏ.,A,"Bảng giúp trình bày thông tin gọn gàng, dễ nhìn, dễ tìm kiếm và so sánh.",1
chu-de-5-ung-dung-tin-hoc-bai-12-trinh-bay-thong-tin-o-dang-bang,Thông tin dạng bảng có ưu điểm gì trong việc xử lý dữ liệu?,Giúp dữ liệu khó chỉnh sửa và cập nhật.,Làm cho dữ liệu bị giới hạn về số lượng.,Dễ dàng tìm kiếm và so sánh dữ liệu.,Chỉ thích hợp cho dữ liệu phức tạp.,C,"Dữ liệu trong bảng dễ dàng tìm kiếm và so sánh, thích hợp cho thống kê, điều tra, khảo sát.",2
chu-de-5-ung-dung-tin-hoc-bai-12-trinh-bay-thong-tin-o-dang-bang,"Để tạo một bảng mới trong phần mềm soạn thảo, em cần vào thẻ nào trước tiên?",Thẻ Home.,Thẻ Layout.,Thẻ Design.,Thẻ Insert.,D,"Để tạo bảng mới, em chọn thẻ Insert, sau đó chọn Table.",1
chu-de-5-ung-dung-tin-hoc-bai-12-trinh-bay-thong-tin-o-dang-bang,"Khi tạo bảng mới trong phần mềm soạn thảo, cách nào cho phép em chọn số cột và số hàng mong muốn?",Chỉ có thể kéo chuột để chọn.,Chỉ có thể nhập số cột và số hàng cụ thể.,Phần mềm tự động tạo kích thước bảng cố định.,"Kéo chuột hoặc dùng lệnh Insert Table để nhập số cột, hàng.",D,"Có thể kéo chuột để chọn số cột và số hàng mong muốn, hoặc dùng lệnh Insert Table và nhập số cột, hàng.",1
chu-de-5-ung-dung-tin-hoc-bai-12-trinh-bay-thong-tin-o-dang-bang,"Theo nội dung bài học, một ô trong bảng có thể chứa những loại dữ liệu nào?",Chỉ có thể chứa văn bản.,Chỉ có thể chứa hình ảnh.,Có thể chứa văn bản và hình ảnh.,Chỉ có thể chứa số liệu.,C,"Bảng có thể chứa nhiều loại dữ liệu như văn bản, hình ảnh trong các ô.",1
chu-de-5-ung-dung-tin-hoc-bai-12-trinh-bay-thong-tin-o-dang-bang,"Khi con trỏ chuột nằm trong một bảng, thẻ công cụ nào sẽ xuất hiện để giúp em chỉnh sửa và định dạng bảng?",Format Tools.,View Tools.,Home Tools.,Table Tools.,D,"Khi con trỏ trong bảng, thẻ Table Tools sẽ xuất hiện để chỉnh sửa và định dạng bảng.",1
chu-de-5-ung-dung-tin-hoc-bai-12-trinh-bay-thong-tin-o-dang-bang,Thẻ Layout trong Table Tools được dùng để thực hiện thao tác nào sau đây?,"Xóa, chèn hàng/cột hoặc gộp ô.",Thay đổi màu sắc và kiểu đường viền của bảng.,Chèn hình ảnh và biểu đồ vào bảng.,Kiểm tra lỗi chính tả trong dữ liệu bảng.,A,"Trong thẻ Layout, có các lệnh để xóa, chèn hàng/cột hoặc gộp ô.",2
chu-de-5-ung-dung-tin-hoc-bai-12-trinh-bay-thong-tin-o-dang-bang,"Lệnh ""Merge Cells"" trong phần mềm soạn thảo có tác dụng gì?",Chia một ô thành nhiều ô nhỏ hơn.,Sao chép nội dung từ một ô sang ô khác.,Gộp nhiều ô liền kề thành một ô lớn duy nhất.,Xóa toàn bộ nội dung trong các ô đã chọn.,C,Lệnh Merge Cells dùng để kết hợp nhiều ô liền kề thành một ô lớn duy nhất trong bảng.,1
chu-de-5-ung-dung-tin-hoc-bai-12-trinh-bay-thong-tin-o-dang-bang,Em có thể thay đổi độ rộng cột hoặc độ cao hàng trong bảng bằng cách nào?,Nhấp đúp chuột vào ô.,Kéo đường biên của cột hoặc hàng.,Nhấn phím Enter.,Dùng thẻ Insert.,B,Có thể điều chỉnh độ rộng cột và độ cao hàng bằng cách kéo đường biên.,1
chu-de-5-ung-dung-tin-hoc-bai-12-trinh-bay-thong-tin-o-dang-bang,"Trong thực tế, loại thông tin nào thường được trình bày hiệu quả nhất dưới dạng bảng?",Một bức thư cá nhân.,Thời khóa biểu học tập hoặc bảng điểm.,Một câu chuyện kể dài.,Một bài thơ.,B,"Bảng rất hữu ích để trình bày danh sách, thời khóa biểu, kết quả khảo sát.",2
chu-de-5-ung-dung-tin-hoc-bai-12-trinh-bay-thong-tin-o-dang-bang,Lợi ích tổng thể của việc sử dụng bảng để trình bày thông tin là gì?,Giúp thông tin khoa học và đẹp mắt hơn.,Làm giảm khả năng tìm kiếm dữ liệu.,Giúp thông tin trở nên phức tạp hơn.,Chỉ phù hợp với người có kinh nghiệm.,A,"Việc sử dụng bảng giúp thông tin khoa học và đẹp mắt hơn, dễ nhìn và dễ tìm kiếm.",2
chu-de-5-ung-dung-tin-hoc-bai-13-thuc-hanh-tim-kiem-va-thay-the,Tác dụng chính của công cụ Tìm kiếm và Thay thế trong soạn thảo văn bản là gì?,Giúp tìm và thay đổi từ hoặc cụm từ nhanh chóng.,Giúp tạo ra các bảng biểu phức tạp.,Giúp chèn hình ảnh và video vào văn bản.,Giúp kiểm tra ngữ pháp và chính tả tự động.,A,"Công cụ Tìm kiếm và Thay thế được thiết kế để tìm và đổi từ, cụm từ một cách hiệu quả, tiết kiệm thời gian.",1
chu-de-5-ung-dung-tin-hoc-bai-13-thuc-hanh-tim-kiem-va-thay-the,Lợi ích nào sau đây KHÔNG phải là của công cụ Tìm kiếm và Thay thế?,Tiết kiệm thời gian khi chỉnh sửa văn bản.,Chắc chắn rằng văn bản sẽ không có bất kỳ lỗi chính tả nào.,"Đảm bảo độ chính xác cao, không bỏ sót từ cần thay đổi.","Rất hữu ích khi làm việc với văn bản dài, nhiều trang.",B,"Công cụ này giúp tìm và thay thế chính xác các từ đã định, nhưng không tự động đảm bảo văn bản không có lỗi chính tả (chỉ sửa những lỗi mà người dùng chỉ định).",2
chu-de-5-ung-dung-tin-hoc-bai-13-thuc-hanh-tim-kiem-va-thay-the,Công cụ Tìm kiếm và Thay thế đặc biệt hữu ích trong trường hợp nào?,Khi bạn cần vẽ sơ đồ trong văn bản.,"Khi bạn chỉ làm việc với một văn bản rất ngắn, chỉ vài dòng.","Khi bạn cần xử lý một văn bản dài, nhiều trang hoặc cần thay đổi hàng loạt.",Khi bạn muốn thay đổi màu sắc của chữ trong văn bản.,C,"Công cụ này được nhấn mạnh là rất hữu ích với văn bản dài, nhiều trang và giúp tránh bỏ sót từ cần thay đổi.",1
chu-de-5-ung-dung-tin-hoc-bai-13-thuc-hanh-tim-kiem-va-thay-the,"Để bắt đầu tìm kiếm một từ hoặc cụm từ trong văn bản, bạn cần thực hiện thao tác nào đầu tiên trong thẻ Home?",Chọn Save.,Chọn Copy.,Chọn Paste.,Chọn Find.,D,"Theo nội dung bài học, để tìm kiếm văn bản, bạn vào thẻ Home và chọn Find trong nhóm Editing.",1
chu-de-5-ung-dung-tin-hoc-bai-13-thuc-hanh-tim-kiem-va-thay-the,"Sau khi chọn công cụ Find trong thẻ Home, bước tiếp theo để tìm kiếm một từ là gì?",Gõ từ hoặc cụm từ cần tìm vào ô và nhấn Enter.,"Chọn nút ""Replace All"" để tìm tất cả các từ.",Nhấn phím cách liên tục để di chuyển qua văn bản.,Đóng cửa sổ soạn thảo văn bản.,A,"Sau khi chọn Find, bạn gõ từ hoặc cụm từ cần tìm vào ô và nhấn Enter để xem kết quả.",1
chu-de-5-ung-dung-tin-hoc-bai-13-thuc-hanh-tim-kiem-va-thay-the,"Để sử dụng công cụ Thay thế (Replace) trong soạn thảo văn bản, bạn cần chọn tùy chọn nào trong thẻ Home?",Chọn Find.,Chọn Replace.,Chọn Font.,Chọn Paragraph.,B,"Để thay thế văn bản, bạn vào thẻ Home và chọn Replace trong nhóm Editing.",1
chu-de-5-ung-dung-tin-hoc-bai-13-thuc-hanh-tim-kiem-va-thay-the,"Khi sử dụng công cụ Thay thế, bạn sẽ gõ từ hoặc cụm từ muốn thay đổi (từ cũ) vào ô nào?","Ô ""Replace with"".","Ô ""Go To"".","Ô ""Find what"".","Ô ""Search document"".",C,"Theo hướng dẫn, bạn gõ từ cần thay thế vào ô ""Find what"" và từ mới vào ô ""Replace with"".",1
chu-de-5-ung-dung-tin-hoc-bai-13-thuc-hanh-tim-kiem-va-thay-the,"Khi thực hiện thao tác thay thế văn bản, bạn có thể chọn cách thay thế nào?",Chỉ có thể thay thế một từ duy nhất mỗi lần.,Chỉ có thể thay thế các từ ở đầu mỗi đoạn văn.,Chỉ có thể thay thế các từ đã được in đậm.,Thay thế từng từ một hoặc thay thế tất cả các từ cùng lúc.,D,Bạn có thể chọn Replace để thay thế từng từ hoặc Replace All để thay thế tất cả các từ cùng lúc.,2
chu-de-5-ung-dung-tin-hoc-bai-13-thuc-hanh-tim-kiem-va-thay-the,"Bạn muốn đổi tên nhân vật ""Lan"" thành ""Mai"" trong toàn bộ một câu chuyện dài. Công cụ nào sau đây phù hợp nhất để thực hiện việc này một cách nhanh chóng và chính xác?",Công cụ Thay thế (Replace).,Công cụ Chèn hình ảnh.,Công cụ Kiểm tra chính tả.,Công cụ Định dạng chữ in đậm.,A,Việc đổi tên nhân vật hàng loạt là một ví dụ thực tế về việc sử dụng công cụ Thay thế để cập nhật thông tin cũ thành mới trong tài liệu.,3
chu-de-5-ung-dung-tin-hoc-bai-13-thuc-hanh-tim-kiem-va-thay-the,Công cụ Tìm kiếm và Thay thế thường có sẵn trong loại phần mềm nào?,Phần mềm chỉnh sửa ảnh.,Phần mềm soạn thảo văn bản.,Phần mềm chơi game.,Phần mềm nghe nhạc.,B,"Công cụ này là một tính năng cơ bản của các phần mềm soạn thảo văn bản như Microsoft Word, giúp tạo và chỉnh sửa tài liệu.",1
chu-de-5-ung-dung-tin-hoc-bai-14-thuc-hanh-tong-hop-hoan-thien-so-luu-niem,"Mục tiêu chính của bài học ""Hoàn thiện sổ lưu niệm"" là gì?",Chỉ cần chèn nội dung từ các tệp khác.,Tổng hợp và sắp xếp nội dung thành một sản phẩm hoàn chỉnh.,Học cách sử dụng chức năng tìm kiếm và thay thế.,Tạo ra một trang bìa đẹp mắt cho cuốn sổ.,B,"Mục tiêu của bài là biết cách tổng hợp các nội dung đã có và sắp xếp chúng thành một sản phẩm hoàn chỉnh, cụ thể là sổ lưu niệm.",1
chu-de-5-ung-dung-tin-hoc-bai-14-thuc-hanh-tong-hop-hoan-thien-so-luu-niem,"Để hoàn thiện cuốn sổ lưu niệm của lớp, học sinh thường làm việc như thế nào?",Mỗi học sinh tự làm một cuốn sổ riêng.,Thầy cô giáo sẽ làm giúp học sinh.,Học sinh làm việc nhóm để cùng nhau hoàn thiện.,Chỉ cần một học sinh giỏi nhất lớp thực hiện.,C,"Bài học khuyến khích học sinh làm việc nhóm để hoàn thiện cuốn sổ lưu niệm, thể hiện tinh thần hợp tác.",1
chu-de-5-ung-dung-tin-hoc-bai-14-thuc-hanh-tong-hop-hoan-thien-so-luu-niem,Bước đầu tiên để tạo sổ lưu niệm theo nội dung bài học là gì?,Tạo trang bìa cho cuốn sổ.,Bổ sung hình ảnh và bảng biểu.,Tập hợp các nội dung đã có vào một tệp văn bản mới.,Kiểm tra lại toàn bộ nội dung và trình bày.,C,Bước đầu tiên được nêu trong bài học là 'Tập hợp nội dung' bằng cách tạo tệp văn bản mới và chèn các nội dung đã có.,1
chu-de-5-ung-dung-tin-hoc-bai-14-thuc-hanh-tong-hop-hoan-thien-so-luu-niem,"Để chèn nội dung từ một tệp văn bản khác vào sổ lưu niệm, em sử dụng chức năng nào?",Cover Page,Insert Picture,Text from File,Find and Replace,C,Chức năng 'Text from File' được dùng để chèn nội dung từ một tệp văn bản khác vào tài liệu hiện tại.,1
chu-de-5-ung-dung-tin-hoc-bai-14-thuc-hanh-tong-hop-hoan-thien-so-luu-niem,Chức năng 'Text from File' được tìm thấy trong thẻ nào của phần mềm soạn thảo văn bản?,Home,Insert,Layout,View,B,"Theo nội dung bài học, chức năng 'Text from File' được sử dụng thông qua 'Insert > Object > Text from File'.",2
chu-de-5-ung-dung-tin-hoc-bai-14-thuc-hanh-tong-hop-hoan-thien-so-luu-niem,"Sau khi tập hợp nội dung, bước tiếp theo trong quá trình hoàn thiện sổ lưu niệm là gì?",Tạo trang bìa ngay lập tức.,Kiểm tra lỗi chính tả và ngữ pháp.,Bổ sung và định dạng nội dung.,Chia sẻ sản phẩm với cả lớp.,C,"Sau bước 'Tập hợp nội dung', bài học hướng dẫn đến bước 'Bổ sung và định dạng' để làm cho sổ lưu niệm hoàn chỉnh và đẹp mắt hơn.",1
chu-de-5-ung-dung-tin-hoc-bai-14-thuc-hanh-tong-hop-hoan-thien-so-luu-niem,"Khi bổ sung nội dung cho sổ lưu niệm, em cần thu thập thêm thông tin về những đối tượng nào?",Chỉ cần thông tin về các bạn trong lớp.,Thông tin về thầy cô giáo và các hoạt động của lớp.,Chỉ cần các bài viết cảm nghĩ của học sinh.,Thông tin về các môn học và thời khóa biểu.,B,"Bài học nhấn mạnh việc thu thập thông tin, hình ảnh về thầy cô, hoạt động lớp để bổ sung nội dung.",1
chu-de-5-ung-dung-tin-hoc-bai-14-thuc-hanh-tong-hop-hoan-thien-so-luu-niem,Tại sao cần thực hiện các thao tác định dạng cho văn bản trong sổ lưu niệm?,Để tăng dung lượng tệp tin của sổ lưu niệm.,"Để văn bản đẹp mắt và hợp lí, dễ đọc hơn.",Để các bạn trong lớp không thể chỉnh sửa được.,Để giảm thời gian in ấn sổ lưu niệm.,B,"Các thao tác định dạng như màu sắc, cỡ chữ, căn chỉnh lề giúp văn bản đẹp mắt và hợp lí hơn.",2
chu-de-5-ung-dung-tin-hoc-bai-14-thuc-hanh-tong-hop-hoan-thien-so-luu-niem,Hoạt động định dạng nào được nhắc đến trong bài học khi hoàn thiện sổ lưu niệm?,Thay đổi phông chữ mặc định của hệ thống.,"Căn chỉnh lề, hướng trang và thay đổi cỡ chữ.",Chỉ thay đổi màu sắc của chữ viết.,Tạo các liên kết siêu văn bản trong sổ.,B,"Bài học đề cập đến định dạng chữ, căn chỉnh lề, hướng trang để làm đẹp sổ lưu niệm.",2
chu-de-5-ung-dung-tin-hoc-bai-14-thuc-hanh-tong-hop-hoan-thien-so-luu-niem,"Ngoài văn bản, em có thể bổ sung những loại nội dung nào khác vào sổ lưu niệm để phong phú hơn?",Chỉ có thể chèn các biểu đồ thống kê.,Hình ảnh và bảng biểu.,Các đoạn mã lập trình.,Các tệp âm thanh và video.,B,"Bài học hướng dẫn bổ sung hình ảnh, chèn bảng nếu cần thiết để làm sổ lưu niệm sinh động hơn.",1
chu-de-5-ung-dung-tin-hoc-bai-14-thuc-hanh-tong-hop-hoan-thien-so-luu-niem,"Khi muốn chỉnh sửa nhanh các lỗi chính tả hoặc thay đổi một từ/cụm từ lặp lại trong toàn bộ sổ lưu niệm, em nên sử dụng chức năng nào?",Định dạng văn bản.,Chèn hình ảnh.,Tìm kiếm và Thay thế.,Tạo trang bìa.,C,Chức năng 'Tìm kiếm và Thay thế' rất hữu ích để sửa lỗi hoặc thay đổi văn bản một cách nhanh chóng trên toàn tài liệu.,2
chu-de-5-ung-dung-tin-hoc-bai-14-thuc-hanh-tong-hop-hoan-thien-so-luu-niem,Bước nào sau đây là cần thiết để cuốn sổ lưu niệm trở nên hoàn chỉnh và chuyên nghiệp hơn?,Chỉ cần in ấn sổ ra giấy.,Tạo trang bìa cho cuốn sổ.,Sắp xếp lại thứ tự các bài viết.,Thay đổi màu nền của toàn bộ tài liệu.,B,"Tạo trang bìa là một bước quan trọng để hoàn thiện sổ lưu niệm, giúp nó có vẻ ngoài chuyên nghiệp và hấp dẫn hơn.",1
chu-de-5-ung-dung-tin-hoc-bai-14-thuc-hanh-tong-hop-hoan-thien-so-luu-niem,Chức năng nào giúp em tạo trang bìa có sẵn trong phần mềm soạn thảo văn bản?,Text from File,Cover Page,Header & Footer,Page Break,B,Chức năng 'Cover Page' trong thẻ Insert cho phép chọn các mẫu trang bìa có sẵn.,1
chu-de-5-ung-dung-tin-hoc-bai-14-thuc-hanh-tong-hop-hoan-thien-so-luu-niem,"Để chèn một trang bìa có sẵn, em sẽ vào thẻ nào và chọn chức năng nào?","Thẻ Home, chọn Styles.","Thẻ Insert, chọn Cover Page.","Thẻ Design, chọn Themes.","Thẻ View, chọn Page Layout.",B,"Bài học hướng dẫn: 'Vào thẻ Insert, chọn Cover Page trong nhóm Pages' để tạo trang bìa.",2
chu-de-5-ung-dung-tin-hoc-bai-14-thuc-hanh-tong-hop-hoan-thien-so-luu-niem,Mục đích của việc chia sẻ sản phẩm sổ lưu niệm với cả lớp là gì?,Để khoe sản phẩm đã hoàn thành.,Để nhận góp ý và hoàn thiện sản phẩm hơn nữa.,Để các bạn khác sao chép nội dung.,Để thầy cô chấm điểm ngay lập tức.,B,"Việc chia sẻ sản phẩm với cả lớp giúp nhận được góp ý, thảo luận để sản phẩm được đầy đủ và trình bày đẹp mắt hơn.",2
chu-de-6-giai-quyet-van-de-voi-s-bai-15-thuat-toan,Thuật toán là gì?,Tập hợp các công thức toán học phức tạp.,Một chương trình máy tính hoàn chỉnh.,Một bản kế hoạch công việc không cần theo thứ tự.,"Dãy chỉ dẫn rõ ràng, có trình tự để giải quyết vấn đề.",D,"Theo bài học, thuật toán là dãy chỉ dẫn rõ ràng, có trình tự để giải quyết vấn đề.",1
chu-de-6-giai-quyet-van-de-voi-s-bai-15-thuat-toan,Mục đích chính của thuật toán là gì?,Để làm cho các công việc trở nên phức tạp hơn.,Để tạo ra các trò chơi điện tử.,Để ghi nhớ thông tin một cách ngẫu nhiên.,Giúp giải quyết một vấn đề hoặc nhiệm vụ cụ thể.,D,Thuật toán được tạo ra để giúp giải quyết một vấn đề hoặc nhiệm vụ cụ thể.,1
chu-de-6-giai-quyet-van-de-voi-s-bai-15-thuat-toan,"Trong thuật toán, ""Đầu vào (Input)"" có nghĩa là gì?",Dữ liệu hoặc thông tin ban đầu cần thiết cho thuật toán.,Kết quả cuối cùng nhận được sau khi thuật toán hoàn thành.,Các bước xử lí chính của thuật toán.,Tên của thuật toán.,A,Đầu vào (Input) là dữ liệu hoặc thông tin ban đầu cần thiết cho thuật toán.,1
chu-de-6-giai-quyet-van-de-voi-s-bai-15-thuat-toan,"""Đầu ra (Output)"" của một thuật toán là gì?",Các bước xử lí dữ liệu trong thuật toán.,Thông tin ban đầu mà thuật toán cần.,Tên của người tạo ra thuật toán.,Kết quả nhận được sau khi thuật toán hoàn thành.,D,Đầu ra (Output) là kết quả nhận được sau khi thuật toán hoàn thành.,1
chu-de-6-giai-quyet-van-de-voi-s-bai-15-thuat-toan,Điều gì là quan trọng nhất khi thực hiện các bước trong một thuật toán?,"Chỉ cần làm đủ các bước, thứ tự không quan trọng.",Có thể bỏ qua một vài bước nếu thấy không cần thiết.,"Chỉ cần kết quả cuối cùng đúng là được, không cần quan tâm đến cách làm.",Thứ tự các bước phải được tuân thủ nghiêm ngặt.,D,Thứ tự các bước trong thuật toán rất quan trọng để có kết quả đúng.,2
chu-de-6-giai-quyet-van-de-voi-s-bai-15-thuat-toan,"Để một thuật toán hoạt động hiệu quả, các chỉ dẫn của nó cần phải như thế nào?",Ngắn gọn nhưng khó hiểu.,Cụ thể và rõ ràng.,Có thể thay đổi tùy ý.,Chỉ cần người tạo ra thuật toán hiểu.,B,"Thuật toán là dãy chỉ dẫn rõ ràng, có trình tự, nên các chỉ dẫn phải cụ thể và rõ ràng.",2
chu-de-6-giai-quyet-van-de-voi-s-bai-15-thuat-toan,Một trong hai cách chính để mô tả thuật toán là gì?,Vẽ một bức tranh trừu tượng.,Kể chuyện.,Liệt kê các bước bằng ngôn ngữ tự nhiên.,Viết một bài văn dài.,C,"Có hai cách chính để mô tả thuật toán, một trong số đó là liệt kê các bước bằng ngôn ngữ tự nhiên.",1
chu-de-6-giai-quyet-van-de-voi-s-bai-15-thuat-toan,"Cách thứ hai để mô tả thuật toán, ngoài việc liệt kê, là gì?",Dùng các công thức toán học phức tạp.,Kể một câu chuyện cổ tích.,Sử dụng sơ đồ khối với các hình và mũi tên.,Viết một đoạn mã lập trình.,C,Cách thứ hai để mô tả thuật toán là sử dụng sơ đồ khối với các hình và mũi tên.,1
chu-de-6-giai-quyet-van-de-voi-s-bai-15-thuat-toan,Sơ đồ khối giúp mô tả thuật toán bằng cách nào?,Chỉ dùng văn bản để mô tả.,Dùng hình vẽ và mũi tên để biểu diễn các bước và trình tự.,Liệt kê các bước bằng văn bản.,Chỉ dùng hình ảnh mà không có mũi tên.,B,Sơ đồ khối giúp hình dung trình tự thực hiện bằng hình vẽ và mũi tên.,1
chu-de-6-giai-quyet-van-de-voi-s-bai-15-thuat-toan,"Trong sơ đồ khối, hình bầu dục dùng để biểu thị điều gì?",Đầu vào hoặc Đầu ra.,Bước xử lí.,Bắt đầu hoặc Kết thúc.,Quyết định.,C,Hình bầu dục trong sơ đồ khối biểu thị Bắt đầu hoặc Kết thúc.,1
chu-de-6-giai-quyet-van-de-voi-s-bai-15-thuat-toan,Hình bình hành trong sơ đồ khối có ý nghĩa gì?,Bắt đầu hoặc Kết thúc.,Đầu vào hoặc Đầu ra.,Bước xử lí.,Chỉ dẫn hướng đi.,B,Hình bình hành trong sơ đồ khối biểu thị Đầu vào hoặc Đầu ra.,1
chu-de-6-giai-quyet-van-de-voi-s-bai-15-thuat-toan,"Trong sơ đồ khối, hình chữ nhật dùng để biểu thị điều gì?",Bắt đầu hoặc Kết thúc.,Đầu vào hoặc Đầu ra.,Một câu hỏi cần trả lời.,Bước xử lí (thực hiện hành động).,D,Hình chữ nhật trong sơ đồ khối biểu thị Bước xử lí (thực hiện hành động).,1
chu-de-6-giai-quyet-van-de-voi-s-bai-15-thuat-toan,Mũi tên trong sơ đồ khối có chức năng gì?,Biểu thị một quyết định.,Chỉ hướng thực hiện tiếp theo.,Đánh dấu các bước quan trọng.,Nối các hình ảnh lại với nhau mà không có ý nghĩa trình tự.,B,Mũi tên trong sơ đồ khối chỉ hướng thực hiện tiếp theo.,1
chu-de-6-giai-quyet-van-de-voi-s-bai-15-thuat-toan,Hoạt động nào sau đây có thể được coi là một thuật toán trong cuộc sống hàng ngày?,Một bức tranh phong cảnh.,Một bài hát.,Công thức nấu một món ăn.,Một giấc mơ.,C,"Công thức nấu một món ăn là một ví dụ về thuật toán vì nó có các bước rõ ràng, có trình tự để đạt được kết quả cụ thể.",3
chu-de-6-giai-quyet-van-de-voi-s-bai-15-thuat-toan,Phát biểu nào sau đây là đúng về thuật toán?,Thuật toán chỉ dùng trong máy tính và lập trình.,Thuật toán chỉ áp dụng cho các vấn đề toán học phức tạp.,Thuật toán có mặt khắp nơi trong cuộc sống hàng ngày của chúng ta.,Thuật toán là một khái niệm mới chỉ xuất hiện gần đây.,C,"Thuật toán có mặt khắp nơi trong cuộc sống hàng ngày của chúng ta, không chỉ giới hạn trong máy tính.",2
chu-de-6-giai-quyet-van-de-voi-s-bai-16-cac-cau-truc-dieu-khien,Thuật toán là gì?,Một tập hợp các quy tắc để chơi một trò chơi.,"Một dãy các chỉ dẫn rõ ràng, có trình tự để giải quyết một vấn đề.",Một danh sách các công việc cần làm trong ngày.,Một chương trình máy tính phức tạp.,B,"Thuật toán là một dãy các chỉ dẫn rõ ràng, có trình tự để giải quyết một vấn đề, như đã nêu trong bài học.",1
chu-de-6-giai-quyet-van-de-voi-s-bai-16-cac-cau-truc-dieu-khien,Đặc điểm của cấu trúc tuần tự là gì?,"Các lệnh được thực hiện ngẫu nhiên, không theo thứ tự.","Các lệnh được thực hiện lần lượt, từng bước một theo thứ tự đã định.",Chỉ thực hiện một lệnh nếu điều kiện đúng.,Thực hiện một công việc nhiều lần cho đến khi điều kiện dừng được thỏa mãn.,B,"Cấu trúc tuần tự mô tả các lệnh được thực hiện lần lượt, theo trình tự từ đầu đến cuối, mỗi bước hoàn thành trước khi bước tiếp theo bắt đầu.",1
chu-de-6-giai-quyet-van-de-voi-s-bai-16-cac-cau-truc-dieu-khien,Cấu trúc rẽ nhánh được sử dụng để làm gì?,Thực hiện các lệnh theo một chuỗi cố định mà không thay đổi.,Lặp lại một hành động nhiều lần cho đến khi đạt được mục tiêu.,Thực hiện các hành động khác nhau tùy thuộc vào điều kiện đúng hay sai.,Chia nhỏ một vấn đề lớn thành nhiều vấn đề nhỏ hơn.,C,Cấu trúc rẽ nhánh cho phép thực hiện các hành động khác nhau tùy thuộc vào kết quả kiểm tra điều kiện.,1
chu-de-6-giai-quyet-van-de-voi-s-bai-16-cac-cau-truc-dieu-khien,"Trong sơ đồ khối, hình thoi được dùng để mô tả điều gì?",Một hành động cần thực hiện.,Điểm bắt đầu hoặc kết thúc của thuật toán.,Một điều kiện cần kiểm tra.,Một luồng dữ liệu.,C,Sơ đồ khối sử dụng hình thoi để mô tả điều kiện trong cấu trúc rẽ nhánh.,1
chu-de-6-giai-quyet-van-de-voi-s-bai-16-cac-cau-truc-dieu-khien,Đặc điểm của cấu trúc rẽ nhánh dạng thiếu là gì?,"Luôn có hai lựa chọn để thực hiện, một khi đúng và một khi sai.","Chỉ thực hiện một công việc nếu điều kiện đúng, và không làm gì nếu điều kiện sai.",Thực hiện một công việc lặp đi lặp lại cho đến khi điều kiện dừng.,Các lệnh được thực hiện theo trình tự từ trên xuống dưới.,B,"Cấu trúc rẽ nhánh dạng thiếu chỉ thực hiện hành động nếu điều kiện đúng, không có hành động nào nếu điều kiện sai.",2
chu-de-6-giai-quyet-van-de-voi-s-bai-16-cac-cau-truc-dieu-khien,"Trong cấu trúc rẽ nhánh dạng đủ, điều gì xảy ra?",Chỉ có một hành động được thực hiện nếu điều kiện đúng.,"Thực hiện hành động A nếu điều kiện đúng, hoặc hành động B nếu điều kiện sai.",Các hành động được thực hiện tuần tự mà không cần kiểm tra điều kiện.,Một hành động được lặp lại nhiều lần cho đến khi điều kiện dừng.,B,"Cấu trúc rẽ nhánh dạng đủ thực hiện hành động A nếu đúng, hành động B nếu sai.",2
chu-de-6-giai-quyet-van-de-voi-s-bai-16-cac-cau-truc-dieu-khien,Cấu trúc lặp được sử dụng khi nào?,Khi cần thực hiện các lệnh theo một trình tự cố định.,Khi cần thực hiện các hành động khác nhau tùy thuộc vào một điều kiện.,Khi cần mô tả các bước của thuật toán được thực hiện nhiều lần.,Khi cần chia nhỏ một vấn đề lớn thành các phần nhỏ hơn.,C,Cấu trúc lặp dùng để mô tả các bước của thuật toán được thực hiện nhiều lần.,1
chu-de-6-giai-quyet-van-de-voi-s-bai-16-cac-cau-truc-dieu-khien,Điều gì là cần thiết trong mọi cấu trúc lặp?,Phải có ít nhất hai hành động được lặp lại.,Một điều kiện để biết khi nào dừng lại quá trình lặp.,Chỉ thực hiện lặp nếu điều kiện ban đầu là sai.,Các bước lặp phải luôn giống hệt nhau.,B,Mọi cấu trúc lặp đều cần điều kiện để biết khi nào dừng lại quá trình lặp.,2
chu-de-6-giai-quyet-van-de-voi-s-bai-16-cac-cau-truc-dieu-khien,Ba cấu trúc điều khiển cơ bản nào là đủ để mô tả mọi thuật toán?,"Tuần tự, rẽ nhánh và song song.","Tuần tự, rẽ nhánh và lặp.","Rẽ nhánh, lặp và ngẫu nhiên.","Tuần tự, lặp và phân tích.",B,"Ba cấu trúc tuần tự, rẽ nhánh và lặp là đủ để mô tả mọi thuật toán.",1
chu-de-6-giai-quyet-van-de-voi-s-bai-17-chuong-trinh-may-tinh,Chương trình máy tính là gì?,Tập hợp các hình ảnh và âm thanh.,Tập hợp các lệnh chỉ dẫn máy tính thực hiện một thuật toán.,Tập hợp các bài hát và video giải trí.,Tập hợp các tài liệu văn bản.,B,"Chương trình máy tính là tập hợp các lệnh chỉ dẫn máy tính thực hiện một thuật toán, giúp máy tính hiểu và làm việc.",1
chu-de-6-giai-quyet-van-de-voi-s-bai-17-chuong-trinh-may-tinh,"Để máy tính có thể hiểu và thực hiện công việc, chúng ta cần chỉ dẫn cho máy tính bằng cách nào?",Nói chuyện trực tiếp với máy tính bằng ngôn ngữ tự nhiên.,Viết chương trình với các lệnh mà máy tính hiểu được.,Vẽ sơ đồ khối mô tả công việc.,Đọc sách hướng dẫn sử dụng cho máy tính.,B,"Máy tính chỉ hiểu các lệnh được viết trong chương trình bằng ngôn ngữ lập trình, không hiểu ngôn ngữ tự nhiên hay sơ đồ khối.",2
chu-de-6-giai-quyet-van-de-voi-s-bai-17-chuong-trinh-may-tinh,Vai trò của chương trình máy tính đối với một thuật toán là gì?,Giúp thuật toán trở nên phức tạp hơn.,Thay thế hoàn toàn thuật toán.,Giúp con người ghi nhớ thuật toán dễ dàng hơn.,Mô tả thuật toán để máy tính hiểu và thực hiện được.,D,Chương trình máy tính có vai trò mô tả thuật toán bằng các lệnh để máy tính có thể hiểu và thực hiện các bước của thuật toán.,2
chu-de-6-giai-quyet-van-de-voi-s-bai-17-chuong-trinh-may-tinh,Mục đích chính của việc viết một chương trình máy tính là gì?,Để lưu trữ thông tin cá nhân.,Để máy tính có thể hiểu và thực hiện một công việc cụ thể.,Để máy tính có thể giải trí cho con người.,Để trang trí cho màn hình máy tính.,B,Mục đích chính của chương trình là để máy tính có thể hiểu và thực hiện các chỉ dẫn để hoàn thành một công việc cụ thể.,2
chu-de-6-giai-quyet-van-de-voi-s-bai-17-chuong-trinh-may-tinh,Máy tính có thể hiểu được loại ngôn ngữ nào sau đây để thực hiện công việc?,Ngôn ngữ tự nhiên của con người.,Sơ đồ khối mô tả thuật toán.,Cả A và B.,Ngôn ngữ lập trình.,D,"Máy tính chỉ có thể hiểu và thực hiện các lệnh được viết bằng ngôn ngữ lập trình, không hiểu ngôn ngữ tự nhiên hay sơ đồ khối.",1
chu-de-6-giai-quyet-van-de-voi-s-bai-17-chuong-trinh-may-tinh,Ngôn ngữ lập trình được dùng để làm gì?,Để con người giao tiếp với nhau.,"Để viết các bài văn, câu chuyện.",Để tạo ra các lệnh cho máy tính hiểu và thực hiện.,Để vẽ các bức tranh.,C,"Ngôn ngữ lập trình là ngôn ngữ đặc biệt được dùng để viết các lệnh, tạo ra chương trình mà máy tính có thể hiểu và thực hiện.",1
chu-de-6-giai-quyet-van-de-voi-s-bai-17-chuong-trinh-may-tinh,Ngôn ngữ lập trình trực quan nào đã được học trong chương trình Tin học lớp 6?,Python.,C.,Java.,Scratch.,D,Scratch là một ngôn ngữ lập trình trực quan mà học sinh lớp 6 đã được học để tạo ra các chương trình.,1
chu-de-6-giai-quyet-van-de-voi-s-bai-17-chuong-trinh-may-tinh,Một chương trình máy tính hoạt động theo trình tự nào?,Chỉ nhận dữ liệu đầu vào rồi trả kết quả.,Chỉ xử lí các bước rồi trả kết quả.,"Nhận dữ liệu đầu vào, tiến hành xử lí các bước, rồi trả lại kết quả đầu ra.",Chỉ trả kết quả đầu ra mà không cần dữ liệu đầu vào.,C,"Chương trình máy tính hoạt động theo ba bước cơ bản: nhận dữ liệu đầu vào, xử lí dữ liệu và trả về kết quả đầu ra.",2
chu-de-6-giai-quyet-van-de-voi-s-bai-17-chuong-trinh-may-tinh,"Khi máy tính thực hiện công việc theo chương trình, nó mang lại lợi ích gì?","Giải quyết công việc một cách nhanh, chính xác và hiệu quả.","Giúp con người thư giãn, không cần làm gì.",Làm tăng thêm sự phức tạp cho công việc.,Giúp máy tính tự động học hỏi và phát triển.,A,"Máy tính thực hiện công việc theo chương trình giúp giải quyết công việc một cách nhanh chóng, chính xác và hiệu quả.",2
chu-de-6-giai-quyet-van-de-voi-s-bai-17-chuong-trinh-may-tinh,Các lệnh trong một chương trình máy tính được thực hiện như thế nào?,"Các lệnh có thể thực hiện tùy ý, không theo thứ tự.",Các lệnh được thực hiện theo một trình tự nhất định.,Máy tính tự động chọn lệnh để thực hiện.,Chỉ những lệnh quan trọng mới được thực hiện theo trình tự.,B,Các lệnh trong chương trình máy tính luôn được thực hiện theo một trình tự nhất định để đảm bảo đúng thuật toán.,2
